data_set_num,interval_range,taylor_n,num_solutions,num_real_solutions,pred_parameters,sampled_parameters,sampled_u0
1,0.05,1,1,1,"[6.596308685036832, 0.011549699053333234, 0.01205634028524136]","[6.476071647142685, 0.011767277251241067, 0.011243813382728273, 0.004715849906473073, 0.2011880208428853, 0.0075818892741911425]","[250.0, 5.0, 100.0]"
2,0.05,1,1,1,"[6.5963086850368295, 0.011549699053333232, 0.01205634028524136]","[6.476071647142685, 0.011767277251241067, 0.011243813382728273, 0.004715849906473073, 0.2011880208428853, 0.0075818892741911425]","[250.0, 5.0, 100.0]"
3,0.05,1,1,1,"[6.59630868503683, 0.01154969905333323, 0.01205634028524136]","[6.476071647142685, 0.011767277251241067, 0.011243813382728273, 0.004715849906473073, 0.2011880208428853, 0.0075818892741911425]","[250.0, 5.0, 100.0]"
4,0.05,1,1,1,"[6.596308685036836, 0.01154969905333324, 0.012056340285241359]","[6.476071647142685, 0.011767277251241067, 0.011243813382728273, 0.004715849906473073, 0.2011880208428853, 0.0075818892741911425]","[250.0, 5.0, 100.0]"
5,0.05,1,1,1,"[6.596308685036831, 0.011549699053333232, 0.012056340285241362]","[6.476071647142685, 0.011767277251241067, 0.011243813382728273, 0.004715849906473073, 0.2011880208428853, 0.0075818892741911425]","[250.0, 5.0, 100.0]"
6,0.05,1,1,1,"[6.596308685036835, 0.011549699053333239, 0.01205634028524136]","[6.476071647142685, 0.011767277251241067, 0.011243813382728273, 0.004715849906473073, 0.2011880208428853, 0.0075818892741911425]","[250.0, 5.0, 100.0]"
7,0.05,1,1,1,"[6.5963086850368295, 0.011549699053333232, 0.01205634028524136]","[6.476071647142685, 0.011767277251241067, 0.011243813382728273, 0.004715849906473073, 0.2011880208428853, 0.0075818892741911425]","[250.0, 5.0, 100.0]"
8,0.05,1,1,1,"[6.596308685036831, 0.011549699053333234, 0.012056340285241359]","[6.476071647142685, 0.011767277251241067, 0.011243813382728273, 0.004715849906473073, 0.2011880208428853, 0.0075818892741911425]","[250.0, 5.0, 100.0]"
9,0.05,1,1,1,"[6.596308685036832, 0.011549699053333234, 0.01205634028524136]","[6.476071647142685, 0.011767277251241067, 0.011243813382728273, 0.004715849906473073, 0.2011880208428853, 0.0075818892741911425]","[250.0, 5.0, 100.0]"
10,0.05,1,1,1,"[6.596308685036832, 0.011549699053333234, 0.01205634028524136]","[6.476071647142685, 0.011767277251241067, 0.011243813382728273, 0.004715849906473073, 0.2011880208428853, 0.0075818892741911425]","[250.0, 5.0, 100.0]"
1,0.05,2,4,4,"[6.597851310514783, 0.011549614494807426, 0.012091733942123147]","[6.476071647142685, 0.011767277251241067, 0.011243813382728273, 0.004715849906473073, 0.2011880208428853, 0.0075818892741911425]","[250.0, 5.0, 100.0]"
2,0.05,2,4,4,"[6.597851310514758, 0.011549614494807384, 0.012091733942123168]","[6.476071647142685, 0.011767277251241067, 0.011243813382728273, 0.004715849906473073, 0.2011880208428853, 0.0075818892741911425]","[250.0, 5.0, 100.0]"
3,0.05,2,4,4,"[6.597851310514824, 0.011549614494807483, 0.012091733942123132]","[6.476071647142685, 0.011767277251241067, 0.011243813382728273, 0.004715849906473073, 0.2011880208428853, 0.0075818892741911425]","[250.0, 5.0, 100.0]"
4,0.05,2,4,4,"[6.597851310514792, 0.011549614494807434, 0.012091733942123142]","[6.476071647142685, 0.011767277251241067, 0.011243813382728273, 0.004715849906473073, 0.2011880208428853, 0.0075818892741911425]","[250.0, 5.0, 100.0]"
5,0.05,2,4,4,"[6.59785131051478, 0.011549614494807417, 0.012091733942123135]","[6.476071647142685, 0.011767277251241067, 0.011243813382728273, 0.004715849906473073, 0.2011880208428853, 0.0075818892741911425]","[250.0, 5.0, 100.0]"
6,0.05,2,4,4,"[6.597851310514793, 0.011549614494807434, 0.012091733942123144]","[6.476071647142685, 0.011767277251241067, 0.011243813382728273, 0.004715849906473073, 0.2011880208428853, 0.0075818892741911425]","[250.0, 5.0, 100.0]"
7,0.05,2,4,4,"[6.597851310514749, 0.01154961449480737, 0.012091733942123168]","[6.476071647142685, 0.011767277251241067, 0.011243813382728273, 0.004715849906473073, 0.2011880208428853, 0.0075818892741911425]","[250.0, 5.0, 100.0]"
8,0.05,2,4,4,"[6.597851310514785, 0.011549614494807422, 0.012091733942123147]","[6.476071647142685, 0.011767277251241067, 0.011243813382728273, 0.004715849906473073, 0.2011880208428853, 0.0075818892741911425]","[250.0, 5.0, 100.0]"
9,0.05,2,4,4,"[6.597851310514812, 0.011549614494807467, 0.01209173394212314]","[6.476071647142685, 0.011767277251241067, 0.011243813382728273, 0.004715849906473073, 0.2011880208428853, 0.0075818892741911425]","[250.0, 5.0, 100.0]"
10,0.05,2,4,4,"[6.597851310514782, 0.01154961449480742, 0.012091733942123158]","[6.476071647142685, 0.011767277251241067, 0.011243813382728273, 0.004715849906473073, 0.2011880208428853, 0.0075818892741911425]","[250.0, 5.0, 100.0]"
1,0.05,3,9,1,"[6.598011326241033, 0.01155002234192742, 0.012089943398392563]","[6.476071647142685, 0.011767277251241067, 0.011243813382728273, 0.004715849906473073, 0.2011880208428853, 0.0075818892741911425]","[250.0, 5.0, 100.0]"
2,0.05,3,9,1,"[6.598011326240995, 0.011550022341927355, 0.012089943398392622]","[6.476071647142685, 0.011767277251241067, 0.011243813382728273, 0.004715849906473073, 0.2011880208428853, 0.0075818892741911425]","[250.0, 5.0, 100.0]"
3,0.05,3,9,1,"[6.59801132624099, 0.011550022341927358, 0.012089943398392589]","[6.476071647142685, 0.011767277251241067, 0.011243813382728273, 0.004715849906473073, 0.2011880208428853, 0.0075818892741911425]","[250.0, 5.0, 100.0]"
4,0.05,3,9,1,"[6.598011326240999, 0.011550022341927365, 0.0120899433983926]","[6.476071647142685, 0.011767277251241067, 0.011243813382728273, 0.004715849906473073, 0.2011880208428853, 0.0075818892741911425]","[250.0, 5.0, 100.0]"
5,0.05,3,9,1,"[6.598011326241032, 0.011550022341927419, 0.012089943398392545]","[6.476071647142685, 0.011767277251241067, 0.011243813382728273, 0.004715849906473073, 0.2011880208428853, 0.0075818892741911425]","[250.0, 5.0, 100.0]"
6,0.05,3,9,1,"[6.598011326240999, 0.011550022341927365, 0.0120899433983926]","[6.476071647142685, 0.011767277251241067, 0.011243813382728273, 0.004715849906473073, 0.2011880208428853, 0.0075818892741911425]","[250.0, 5.0, 100.0]"
7,0.05,3,9,1,"[6.598011326240999, 0.011550022341927365, 0.0120899433983926]","[6.476071647142685, 0.011767277251241067, 0.011243813382728273, 0.004715849906473073, 0.2011880208428853, 0.0075818892741911425]","[250.0, 5.0, 100.0]"
8,0.05,3,9,1,"[6.598011326240999, 0.011550022341927365, 0.0120899433983926]","[6.476071647142685, 0.011767277251241067, 0.011243813382728273, 0.004715849906473073, 0.2011880208428853, 0.0075818892741911425]","[250.0, 5.0, 100.0]"
9,0.05,3,9,1,"[6.5980113262410285, 0.01155002234192741, 0.012089943398392568]","[6.476071647142685, 0.011767277251241067, 0.011243813382728273, 0.004715849906473073, 0.2011880208428853, 0.0075818892741911425]","[250.0, 5.0, 100.0]"
10,0.05,3,9,1,"[6.598011326241053, 0.011550022341927438, 0.012089943398392632]","[6.476071647142685, 0.011767277251241067, 0.011243813382728273, 0.004715849906473073, 0.2011880208428853, 0.0075818892741911425]","[250.0, 5.0, 100.0]"
1,0.05,4,16,4,"[6.5979995509478915, 0.011549999188073283, 0.012090001488175432]","[6.476071647142685, 0.011767277251241067, 0.011243813382728273, 0.004715849906473073, 0.2011880208428853, 0.0075818892741911425]","[250.0, 5.0, 100.0]"
2,0.05,4,16,4,"[6.5979995509478915, 0.011549999188073283, 0.012090001488175432]","[6.476071647142685, 0.011767277251241067, 0.011243813382728273, 0.004715849906473073, 0.2011880208428853, 0.0075818892741911425]","[250.0, 5.0, 100.0]"
3,0.05,4,16,4,"[6.5979995509478915, 0.011549999188073283, 0.012090001488175432]","[6.476071647142685, 0.011767277251241067, 0.011243813382728273, 0.004715849906473073, 0.2011880208428853, 0.0075818892741911425]","[250.0, 5.0, 100.0]"
4,0.05,4,16,4,"[6.5979995509478915, 0.011549999188073283, 0.012090001488175432]","[6.476071647142685, 0.011767277251241067, 0.011243813382728273, 0.004715849906473073, 0.2011880208428853, 0.0075818892741911425]","[250.0, 5.0, 100.0]"
5,0.05,4,16,4,"[6.5979995509478915, 0.011549999188073283, 0.012090001488175432]","[6.476071647142685, 0.011767277251241067, 0.011243813382728273, 0.004715849906473073, 0.2011880208428853, 0.0075818892741911425]","[250.0, 5.0, 100.0]"
6,0.05,4,16,4,"[6.597999550947926, 0.011549999188073333, 0.012090001488175387]","[6.476071647142685, 0.011767277251241067, 0.011243813382728273, 0.004715849906473073, 0.2011880208428853, 0.0075818892741911425]","[250.0, 5.0, 100.0]"
7,0.05,4,16,4,"[6.5979995509478915, 0.011549999188073283, 0.012090001488175432]","[6.476071647142685, 0.011767277251241067, 0.011243813382728273, 0.004715849906473073, 0.2011880208428853, 0.0075818892741911425]","[250.0, 5.0, 100.0]"
8,0.05,4,16,4,"[6.5979995509478915, 0.011549999188073283, 0.012090001488175432]","[6.476071647142685, 0.011767277251241067, 0.011243813382728273, 0.004715849906473073, 0.2011880208428853, 0.0075818892741911425]","[250.0, 5.0, 100.0]"
9,0.05,4,16,4,"[6.597999550948067, 0.011549999188073548, 0.012090001488175439]","[6.476071647142685, 0.011767277251241067, 0.011243813382728273, 0.004715849906473073, 0.2011880208428853, 0.0075818892741911425]","[250.0, 5.0, 100.0]"
10,0.05,4,16,4,"[6.5979995509478915, 0.011549999188073283, 0.012090001488175432]","[6.476071647142685, 0.011767277251241067, 0.011243813382728273, 0.004715849906473073, 0.2011880208428853, 0.0075818892741911425]","[250.0, 5.0, 100.0]"
1,0.05,5,25,1,"[6.5980000126537774, 0.011550000021953952, 0.012089999967442077]","[6.476071647142685, 0.011767277251241067, 0.011243813382728273, 0.004715849906473073, 0.2011880208428853, 0.0075818892741911425]","[250.0, 5.0, 100.0]"
2,0.05,5,25,1,"[6.5980000126537774, 0.011550000021953952, 0.012089999967442077]","[6.476071647142685, 0.011767277251241067, 0.011243813382728273, 0.004715849906473073, 0.2011880208428853, 0.0075818892741911425]","[250.0, 5.0, 100.0]"
3,0.05,5,25,1,"[6.5980000126537774, 0.011550000021953952, 0.012089999967442077]","[6.476071647142685, 0.011767277251241067, 0.011243813382728273, 0.004715849906473073, 0.2011880208428853, 0.0075818892741911425]","[250.0, 5.0, 100.0]"
4,0.05,5,25,1,"[6.5980000126537774, 0.011550000021953952, 0.012089999967442077]","[6.476071647142685, 0.011767277251241067, 0.011243813382728273, 0.004715849906473073, 0.2011880208428853, 0.0075818892741911425]","[250.0, 5.0, 100.0]"
5,0.05,5,25,1,"[6.5980000126537774, 0.011550000021953952, 0.012089999967442077]","[6.476071647142685, 0.011767277251241067, 0.011243813382728273, 0.004715849906473073, 0.2011880208428853, 0.0075818892741911425]","[250.0, 5.0, 100.0]"
6,0.05,5,25,1,"[6.5980000126537774, 0.011550000021953952, 0.012089999967442077]","[6.476071647142685, 0.011767277251241067, 0.011243813382728273, 0.004715849906473073, 0.2011880208428853, 0.0075818892741911425]","[250.0, 5.0, 100.0]"
7,0.05,5,25,1,"[6.5980000126537774, 0.011550000021953952, 0.012089999967442077]","[6.476071647142685, 0.011767277251241067, 0.011243813382728273, 0.004715849906473073, 0.2011880208428853, 0.0075818892741911425]","[250.0, 5.0, 100.0]"
8,0.05,5,25,1,"[6.5980000126537774, 0.011550000021953952, 0.012089999967442077]","[6.476071647142685, 0.011767277251241067, 0.011243813382728273, 0.004715849906473073, 0.2011880208428853, 0.0075818892741911425]","[250.0, 5.0, 100.0]"
9,0.05,5,25,1,"[6.5980000126537774, 0.011550000021953952, 0.012089999967442077]","[6.476071647142685, 0.011767277251241067, 0.011243813382728273, 0.004715849906473073, 0.2011880208428853, 0.0075818892741911425]","[250.0, 5.0, 100.0]"
10,0.05,5,25,1,"[6.5980000126537774, 0.011550000021953952, 0.012089999967442077]","[6.476071647142685, 0.011767277251241067, 0.011243813382728273, 0.004715849906473073, 0.2011880208428853, 0.0075818892741911425]","[250.0, 5.0, 100.0]"
1,0.05,6,36,4,"[6.597999999709442, 0.011549999999509406, 0.012090000000614406]","[6.476071647142685, 0.011767277251241067, 0.011243813382728273, 0.004715849906473073, 0.2011880208428853, 0.0075818892741911425]","[250.0, 5.0, 100.0]"
2,0.05,6,36,4,"[6.597999999709442, 0.011549999999509406, 0.012090000000614406]","[6.476071647142685, 0.011767277251241067, 0.011243813382728273, 0.004715849906473073, 0.2011880208428853, 0.0075818892741911425]","[250.0, 5.0, 100.0]"
3,0.05,6,36,4,"[6.597999999709442, 0.011549999999509406, 0.012090000000614406]","[6.476071647142685, 0.011767277251241067, 0.011243813382728273, 0.004715849906473073, 0.2011880208428853, 0.0075818892741911425]","[250.0, 5.0, 100.0]"
4,0.05,6,36,4,"[6.597999999709442, 0.011549999999509406, 0.012090000000614406]","[6.476071647142685, 0.011767277251241067, 0.011243813382728273, 0.004715849906473073, 0.2011880208428853, 0.0075818892741911425]","[250.0, 5.0, 100.0]"
5,0.05,6,36,4,"[6.597999999709442, 0.011549999999509406, 0.012090000000614406]","[6.476071647142685, 0.011767277251241067, 0.011243813382728273, 0.004715849906473073, 0.2011880208428853, 0.0075818892741911425]","[250.0, 5.0, 100.0]"
6,0.05,6,36,4,"[6.597999999709442, 0.011549999999509406, 0.012090000000614406]","[6.476071647142685, 0.011767277251241067, 0.011243813382728273, 0.004715849906473073, 0.2011880208428853, 0.0075818892741911425]","[250.0, 5.0, 100.0]"
7,0.05,6,36,4,"[6.597999999709442, 0.011549999999509406, 0.012090000000614406]","[6.476071647142685, 0.011767277251241067, 0.011243813382728273, 0.004715849906473073, 0.2011880208428853, 0.0075818892741911425]","[250.0, 5.0, 100.0]"
8,0.05,6,36,4,"[6.597999999709442, 0.011549999999509406, 0.012090000000614406]","[6.476071647142685, 0.011767277251241067, 0.011243813382728273, 0.004715849906473073, 0.2011880208428853, 0.0075818892741911425]","[250.0, 5.0, 100.0]"
9,0.05,6,36,4,"[6.597999999709442, 0.011549999999509406, 0.012090000000614406]","[6.476071647142685, 0.011767277251241067, 0.011243813382728273, 0.004715849906473073, 0.2011880208428853, 0.0075818892741911425]","[250.0, 5.0, 100.0]"
10,0.05,6,36,4,"[6.597999999709442, 0.011549999999509406, 0.012090000000614406]","[6.476071647142685, 0.011767277251241067, 0.011243813382728273, 0.004715849906473073, 0.2011880208428853, 0.0075818892741911425]","[250.0, 5.0, 100.0]"
1,0.05,7,49,1,"[6.598000000007384, 0.011550000000012035, 0.012089999999986988]","[6.476071647142685, 0.011767277251241067, 0.011243813382728273, 0.004715849906473073, 0.2011880208428853, 0.0075818892741911425]","[250.0, 5.0, 100.0]"
2,0.05,7,49,1,"[6.598000000007384, 0.011550000000012035, 0.012089999999986988]","[6.476071647142685, 0.011767277251241067, 0.011243813382728273, 0.004715849906473073, 0.2011880208428853, 0.0075818892741911425]","[250.0, 5.0, 100.0]"
3,0.05,7,49,1,"[6.598000000007384, 0.011550000000012035, 0.012089999999986988]","[6.476071647142685, 0.011767277251241067, 0.011243813382728273, 0.004715849906473073, 0.2011880208428853, 0.0075818892741911425]","[250.0, 5.0, 100.0]"
4,0.05,7,49,1,"[6.598000000007384, 0.011550000000012035, 0.012089999999986988]","[6.476071647142685, 0.011767277251241067, 0.011243813382728273, 0.004715849906473073, 0.2011880208428853, 0.0075818892741911425]","[250.0, 5.0, 100.0]"
5,0.05,7,49,1,"[6.598000000007384, 0.011550000000012035, 0.012089999999986988]","[6.476071647142685, 0.011767277251241067, 0.011243813382728273, 0.004715849906473073, 0.2011880208428853, 0.0075818892741911425]","[250.0, 5.0, 100.0]"
6,0.05,7,49,1,"[6.598000000007384, 0.011550000000012035, 0.012089999999986988]","[6.476071647142685, 0.011767277251241067, 0.011243813382728273, 0.004715849906473073, 0.2011880208428853, 0.0075818892741911425]","[250.0, 5.0, 100.0]"
7,0.05,7,49,1,"[6.598000000007384, 0.011550000000012035, 0.012089999999986988]","[6.476071647142685, 0.011767277251241067, 0.011243813382728273, 0.004715849906473073, 0.2011880208428853, 0.0075818892741911425]","[250.0, 5.0, 100.0]"
8,0.05,7,49,1,"[6.598000000007384, 0.011550000000012035, 0.012089999999986988]","[6.476071647142685, 0.011767277251241067, 0.011243813382728273, 0.004715849906473073, 0.2011880208428853, 0.0075818892741911425]","[250.0, 5.0, 100.0]"
9,0.05,7,49,1,"[6.598000000007384, 0.011550000000012035, 0.012089999999986988]","[6.476071647142685, 0.011767277251241067, 0.011243813382728273, 0.004715849906473073, 0.2011880208428853, 0.0075818892741911425]","[250.0, 5.0, 100.0]"
10,0.05,7,49,1,"[6.598000000007384, 0.011550000000012035, 0.012089999999986988]","[6.476071647142685, 0.011767277251241067, 0.011243813382728273, 0.004715849906473073, 0.2011880208428853, 0.0075818892741911425]","[250.0, 5.0, 100.0]"
1,0.1,1,1,1,"[6.588264374226047, 0.01153299005159225, 0.01208102099264239]","[6.506308918396468, 0.013182056693639121, 0.012245277145679644, 0.004500118679337919, 0.2180156042738398, 0.007320514231850657]","[250.0, 5.0, 100.0]"
2,0.1,1,1,1,"[6.588264374226045, 0.011532990051592246, 0.01208102099264239]","[6.506308918396468, 0.013182056693639121, 0.012245277145679644, 0.004500118679337919, 0.2180156042738398, 0.007320514231850657]","[250.0, 5.0, 100.0]"
3,0.1,1,1,1,"[6.588264374226046, 0.011532990051592246, 0.01208102099264239]","[6.506308918396468, 0.013182056693639121, 0.012245277145679644, 0.004500118679337919, 0.2180156042738398, 0.007320514231850657]","[250.0, 5.0, 100.0]"
4,0.1,1,1,1,"[6.588264374226045, 0.011532990051592246, 0.01208102099264239]","[6.506308918396468, 0.013182056693639121, 0.012245277145679644, 0.004500118679337919, 0.2180156042738398, 0.007320514231850657]","[250.0, 5.0, 100.0]"
5,0.1,1,1,1,"[6.588264374226049, 0.011532990051592251, 0.012081020992642388]","[6.506308918396468, 0.013182056693639121, 0.012245277145679644, 0.004500118679337919, 0.2180156042738398, 0.007320514231850657]","[250.0, 5.0, 100.0]"
6,0.1,1,1,1,"[6.588264374226046, 0.011532990051592244, 0.01208102099264239]","[6.506308918396468, 0.013182056693639121, 0.012245277145679644, 0.004500118679337919, 0.2180156042738398, 0.007320514231850657]","[250.0, 5.0, 100.0]"
7,0.1,1,1,1,"[6.588264374226048, 0.01153299005159225, 0.012081020992642388]","[6.506308918396468, 0.013182056693639121, 0.012245277145679644, 0.004500118679337919, 0.2180156042738398, 0.007320514231850657]","[250.0, 5.0, 100.0]"
8,0.1,1,1,1,"[6.588264374226046, 0.011532990051592248, 0.012081020992642388]","[6.506308918396468, 0.013182056693639121, 0.012245277145679644, 0.004500118679337919, 0.2180156042738398, 0.007320514231850657]","[250.0, 5.0, 100.0]"
9,0.1,1,1,1,"[6.58826437422605, 0.011532990051592251, 0.012081020992642388]","[6.506308918396468, 0.013182056693639121, 0.012245277145679644, 0.004500118679337919, 0.2180156042738398, 0.007320514231850657]","[250.0, 5.0, 100.0]"
10,0.1,1,1,1,"[6.588264374226046, 0.011532990051592246, 0.01208102099264239]","[6.506308918396468, 0.013182056693639121, 0.012245277145679644, 0.004500118679337919, 0.2180156042738398, 0.007320514231850657]","[250.0, 5.0, 100.0]"
1,0.1,2,4,4,"[6.5984872882395855, 0.011550732287439908, 0.012090273289854705]","[6.506308918396468, 0.013182056693639121, 0.012245277145679644, 0.004500118679337919, 0.2180156042738398, 0.007320514231850657]","[250.0, 5.0, 100.0]"
2,0.1,2,4,4,"[6.598487288239574, 0.01155073228743989, 0.012090273289854708]","[6.506308918396468, 0.013182056693639121, 0.012245277145679644, 0.004500118679337919, 0.2180156042738398, 0.007320514231850657]","[250.0, 5.0, 100.0]"
3,0.1,2,4,4,"[6.59848728823958, 0.0115507322874399, 0.012090273289854713]","[6.506308918396468, 0.013182056693639121, 0.012245277145679644, 0.004500118679337919, 0.2180156042738398, 0.007320514231850657]","[250.0, 5.0, 100.0]"
4,0.1,2,4,4,"[6.598487288239587, 0.011550732287439918, 0.0120902732898547]","[6.506308918396468, 0.013182056693639121, 0.012245277145679644, 0.004500118679337919, 0.2180156042738398, 0.007320514231850657]","[250.0, 5.0, 100.0]"
5,0.1,2,4,4,"[6.598487288239564, 0.01155073228743988, 0.012090273289854713]","[6.506308918396468, 0.013182056693639121, 0.012245277145679644, 0.004500118679337919, 0.2180156042738398, 0.007320514231850657]","[250.0, 5.0, 100.0]"
6,0.1,2,4,4,"[6.598487288239554, 0.011550732287439863, 0.012090273289854719]","[6.506308918396468, 0.013182056693639121, 0.012245277145679644, 0.004500118679337919, 0.2180156042738398, 0.007320514231850657]","[250.0, 5.0, 100.0]"
7,0.1,2,4,4,"[6.598487288239578, 0.011550732287439903, 0.012090273289854705]","[6.506308918396468, 0.013182056693639121, 0.012245277145679644, 0.004500118679337919, 0.2180156042738398, 0.007320514231850657]","[250.0, 5.0, 100.0]"
8,0.1,2,4,4,"[6.598487288239599, 0.011550732287439927, 0.012090273289854707]","[6.506308918396468, 0.013182056693639121, 0.012245277145679644, 0.004500118679337919, 0.2180156042738398, 0.007320514231850657]","[250.0, 5.0, 100.0]"
9,0.1,2,4,4,"[6.598487288239576, 0.011550732287439901, 0.012090273289854701]","[6.506308918396468, 0.013182056693639121, 0.012245277145679644, 0.004500118679337919, 0.2180156042738398, 0.007320514231850657]","[250.0, 5.0, 100.0]"
10,0.1,2,4,4,"[6.598487288239584, 0.011550732287439908, 0.012090273289854705]","[6.506308918396468, 0.013182056693639121, 0.012245277145679644, 0.004500118679337919, 0.2180156042738398, 0.007320514231850657]","[250.0, 5.0, 100.0]"
1,0.1,3,9,1,"[6.597987086846501, 0.011549981127111994, 0.012089994819065591]","[6.506308918396468, 0.013182056693639121, 0.012245277145679644, 0.004500118679337919, 0.2180156042738398, 0.007320514231850657]","[250.0, 5.0, 100.0]"
2,0.1,3,9,1,"[6.597987086846503, 0.011549981127111987, 0.012089994819065617]","[6.506308918396468, 0.013182056693639121, 0.012245277145679644, 0.004500118679337919, 0.2180156042738398, 0.007320514231850657]","[250.0, 5.0, 100.0]"
3,0.1,3,9,1,"[6.597987086846502, 0.011549981127111994, 0.012089994819065576]","[6.506308918396468, 0.013182056693639121, 0.012245277145679644, 0.004500118679337919, 0.2180156042738398, 0.007320514231850657]","[250.0, 5.0, 100.0]"
4,0.1,3,9,1,"[6.59798708684645, 0.011549981127111903, 0.012089994819065602]","[6.506308918396468, 0.013182056693639121, 0.012245277145679644, 0.004500118679337919, 0.2180156042738398, 0.007320514231850657]","[250.0, 5.0, 100.0]"
5,0.1,3,9,1,"[6.597987086846521, 0.011549981127112023, 0.012089994819065593]","[6.506308918396468, 0.013182056693639121, 0.012245277145679644, 0.004500118679337919, 0.2180156042738398, 0.007320514231850657]","[250.0, 5.0, 100.0]"
6,0.1,3,9,1,"[6.597987086846465, 0.01154998112711193, 0.012089994819065588]","[6.506308918396468, 0.013182056693639121, 0.012245277145679644, 0.004500118679337919, 0.2180156042738398, 0.007320514231850657]","[250.0, 5.0, 100.0]"
7,0.1,3,9,1,"[6.5979870868464126, 0.011549981127111846, 0.012089994819065636]","[6.506308918396468, 0.013182056693639121, 0.012245277145679644, 0.004500118679337919, 0.2180156042738398, 0.007320514231850657]","[250.0, 5.0, 100.0]"
8,0.1,3,9,1,"[6.597987086846492, 0.011549981127111975, 0.01208999481906559]","[6.506308918396468, 0.013182056693639121, 0.012245277145679644, 0.004500118679337919, 0.2180156042738398, 0.007320514231850657]","[250.0, 5.0, 100.0]"
9,0.1,3,9,1,"[6.597987086846492, 0.011549981127111975, 0.01208999481906559]","[6.506308918396468, 0.013182056693639121, 0.012245277145679644, 0.004500118679337919, 0.2180156042738398, 0.007320514231850657]","[250.0, 5.0, 100.0]"
10,0.1,3,9,1,"[6.597987086846377, 0.011549981127111806, 0.012089994819065603]","[6.506308918396468, 0.013182056693639121, 0.012245277145679644, 0.004500118679337919, 0.2180156042738398, 0.007320514231850657]","[250.0, 5.0, 100.0]"
1,0.1,4,16,4,"[6.59800025918936, 0.011550000377612847, 0.012090000077422575]","[6.506308918396468, 0.013182056693639121, 0.012245277145679644, 0.004500118679337919, 0.2180156042738398, 0.007320514231850657]","[250.0, 5.0, 100.0]"
2,0.1,4,16,4,"[6.59800025918936, 0.011550000377612847, 0.012090000077422575]","[6.506308918396468, 0.013182056693639121, 0.012245277145679644, 0.004500118679337919, 0.2180156042738398, 0.007320514231850657]","[250.0, 5.0, 100.0]"
3,0.1,4,16,4,"[6.59800025918936, 0.011550000377612847, 0.012090000077422575]","[6.506308918396468, 0.013182056693639121, 0.012245277145679644, 0.004500118679337919, 0.2180156042738398, 0.007320514231850657]","[250.0, 5.0, 100.0]"
4,0.1,4,16,4,"[6.59800025918936, 0.011550000377612847, 0.012090000077422575]","[6.506308918396468, 0.013182056693639121, 0.012245277145679644, 0.004500118679337919, 0.2180156042738398, 0.007320514231850657]","[250.0, 5.0, 100.0]"
5,0.1,4,16,4,"[6.59800025918936, 0.011550000377612847, 0.012090000077422575]","[6.506308918396468, 0.013182056693639121, 0.012245277145679644, 0.004500118679337919, 0.2180156042738398, 0.007320514231850657]","[250.0, 5.0, 100.0]"
6,0.1,4,16,4,"[6.59800025918936, 0.011550000377612847, 0.012090000077422575]","[6.506308918396468, 0.013182056693639121, 0.012245277145679644, 0.004500118679337919, 0.2180156042738398, 0.007320514231850657]","[250.0, 5.0, 100.0]"
7,0.1,4,16,4,"[6.59800025918936, 0.011550000377612847, 0.012090000077422575]","[6.506308918396468, 0.013182056693639121, 0.012245277145679644, 0.004500118679337919, 0.2180156042738398, 0.007320514231850657]","[250.0, 5.0, 100.0]"
8,0.1,4,16,4,"[6.59800025918936, 0.011550000377612847, 0.012090000077422575]","[6.506308918396468, 0.013182056693639121, 0.012245277145679644, 0.004500118679337919, 0.2180156042738398, 0.007320514231850657]","[250.0, 5.0, 100.0]"
9,0.1,4,16,4,"[6.59800025918936, 0.011550000377612847, 0.012090000077422575]","[6.506308918396468, 0.013182056693639121, 0.012245277145679644, 0.004500118679337919, 0.2180156042738398, 0.007320514231850657]","[250.0, 5.0, 100.0]"
10,0.1,4,16,4,"[6.59800025918936, 0.011550000377612847, 0.012090000077422575]","[6.506308918396468, 0.013182056693639121, 0.012245277145679644, 0.004500118679337919, 0.2180156042738398, 0.007320514231850657]","[250.0, 5.0, 100.0]"
1,0.1,5,25,1,"[6.597999995788094, 0.011549999993851614, 0.012089999999040067]","[6.506308918396468, 0.013182056693639121, 0.012245277145679644, 0.004500118679337919, 0.2180156042738398, 0.007320514231850657]","[250.0, 5.0, 100.0]"
2,0.1,5,25,1,"[6.597999995788094, 0.011549999993851614, 0.012089999999040067]","[6.506308918396468, 0.013182056693639121, 0.012245277145679644, 0.004500118679337919, 0.2180156042738398, 0.007320514231850657]","[250.0, 5.0, 100.0]"
3,0.1,5,25,1,"[6.597999995788094, 0.011549999993851614, 0.012089999999040067]","[6.506308918396468, 0.013182056693639121, 0.012245277145679644, 0.004500118679337919, 0.2180156042738398, 0.007320514231850657]","[250.0, 5.0, 100.0]"
4,0.1,5,25,1,"[6.597999995788094, 0.011549999993851614, 0.012089999999040067]","[6.506308918396468, 0.013182056693639121, 0.012245277145679644, 0.004500118679337919, 0.2180156042738398, 0.007320514231850657]","[250.0, 5.0, 100.0]"
5,0.1,5,25,1,"[6.597999995788144, 0.01154999999385169, 0.012089999999040011]","[6.506308918396468, 0.013182056693639121, 0.012245277145679644, 0.004500118679337919, 0.2180156042738398, 0.007320514231850657]","[250.0, 5.0, 100.0]"
6,0.1,5,25,1,"[6.597999995788094, 0.011549999993851614, 0.012089999999040067]","[6.506308918396468, 0.013182056693639121, 0.012245277145679644, 0.004500118679337919, 0.2180156042738398, 0.007320514231850657]","[250.0, 5.0, 100.0]"
7,0.1,5,25,1,"[6.597999995788094, 0.011549999993851614, 0.012089999999040067]","[6.506308918396468, 0.013182056693639121, 0.012245277145679644, 0.004500118679337919, 0.2180156042738398, 0.007320514231850657]","[250.0, 5.0, 100.0]"
8,0.1,5,25,1,"[6.597999995788094, 0.011549999993851614, 0.012089999999040067]","[6.506308918396468, 0.013182056693639121, 0.012245277145679644, 0.004500118679337919, 0.2180156042738398, 0.007320514231850657]","[250.0, 5.0, 100.0]"
9,0.1,5,25,1,"[6.597999995788094, 0.011549999993851614, 0.012089999999040067]","[6.506308918396468, 0.013182056693639121, 0.012245277145679644, 0.004500118679337919, 0.2180156042738398, 0.007320514231850657]","[250.0, 5.0, 100.0]"
10,0.1,5,25,1,"[6.597999995788094, 0.011549999993851614, 0.012089999999040067]","[6.506308918396468, 0.013182056693639121, 0.012245277145679644, 0.004500118679337919, 0.2180156042738398, 0.007320514231850657]","[250.0, 5.0, 100.0]"
1,0.1,6,36,4,"[6.598000000050948, 0.011550000000074384, 0.012090000000012781]","[6.506308918396468, 0.013182056693639121, 0.012245277145679644, 0.004500118679337919, 0.2180156042738398, 0.007320514231850657]","[250.0, 5.0, 100.0]"
2,0.1,6,36,4,"[6.598000000051341, 0.011550000000074967, 0.012090000000012719]","[6.506308918396468, 0.013182056693639121, 0.012245277145679644, 0.004500118679337919, 0.2180156042738398, 0.007320514231850657]","[250.0, 5.0, 100.0]"
3,0.1,6,36,4,"[6.598000000051341, 0.011550000000074967, 0.012090000000012719]","[6.506308918396468, 0.013182056693639121, 0.012245277145679644, 0.004500118679337919, 0.2180156042738398, 0.007320514231850657]","[250.0, 5.0, 100.0]"
4,0.1,6,36,4,"[6.598000000051341, 0.011550000000074967, 0.012090000000012719]","[6.506308918396468, 0.013182056693639121, 0.012245277145679644, 0.004500118679337919, 0.2180156042738398, 0.007320514231850657]","[250.0, 5.0, 100.0]"
5,0.1,6,36,4,"[6.598000000051341, 0.011550000000074967, 0.012090000000012719]","[6.506308918396468, 0.013182056693639121, 0.012245277145679644, 0.004500118679337919, 0.2180156042738398, 0.007320514231850657]","[250.0, 5.0, 100.0]"
6,0.1,6,36,4,"[6.598000000051341, 0.011550000000074967, 0.012090000000012719]","[6.506308918396468, 0.013182056693639121, 0.012245277145679644, 0.004500118679337919, 0.2180156042738398, 0.007320514231850657]","[250.0, 5.0, 100.0]"
7,0.1,6,36,4,"[6.598000000051341, 0.011550000000074967, 0.012090000000012719]","[6.506308918396468, 0.013182056693639121, 0.012245277145679644, 0.004500118679337919, 0.2180156042738398, 0.007320514231850657]","[250.0, 5.0, 100.0]"
8,0.1,6,36,4,"[6.598000000051341, 0.011550000000074967, 0.012090000000012719]","[6.506308918396468, 0.013182056693639121, 0.012245277145679644, 0.004500118679337919, 0.2180156042738398, 0.007320514231850657]","[250.0, 5.0, 100.0]"
9,0.1,6,36,4,"[6.598000000051341, 0.011550000000074967, 0.012090000000012719]","[6.506308918396468, 0.013182056693639121, 0.012245277145679644, 0.004500118679337919, 0.2180156042738398, 0.007320514231850657]","[250.0, 5.0, 100.0]"
10,0.1,6,36,4,"[6.598000000051341, 0.011550000000074967, 0.012090000000012719]","[6.506308918396468, 0.013182056693639121, 0.012245277145679644, 0.004500118679337919, 0.2180156042738398, 0.007320514231850657]","[250.0, 5.0, 100.0]"
1,0.1,7,49,1,"[6.597999999994842, 0.011549999999992337, 0.012090000000000338]","[6.506308918396468, 0.013182056693639121, 0.012245277145679644, 0.004500118679337919, 0.2180156042738398, 0.007320514231850657]","[250.0, 5.0, 100.0]"
2,0.1,7,49,1,"[6.597999999994842, 0.011549999999992337, 0.012090000000000338]","[6.506308918396468, 0.013182056693639121, 0.012245277145679644, 0.004500118679337919, 0.2180156042738398, 0.007320514231850657]","[250.0, 5.0, 100.0]"
3,0.1,7,49,1,"[6.597999999994842, 0.011549999999992337, 0.012090000000000338]","[6.506308918396468, 0.013182056693639121, 0.012245277145679644, 0.004500118679337919, 0.2180156042738398, 0.007320514231850657]","[250.0, 5.0, 100.0]"
4,0.1,7,49,1,"[6.597999999994842, 0.011549999999992337, 0.012090000000000338]","[6.506308918396468, 0.013182056693639121, 0.012245277145679644, 0.004500118679337919, 0.2180156042738398, 0.007320514231850657]","[250.0, 5.0, 100.0]"
5,0.1,7,49,1,"[6.597999999994842, 0.011549999999992337, 0.012090000000000338]","[6.506308918396468, 0.013182056693639121, 0.012245277145679644, 0.004500118679337919, 0.2180156042738398, 0.007320514231850657]","[250.0, 5.0, 100.0]"
6,0.1,7,49,1,"[6.597999999994842, 0.011549999999992337, 0.012090000000000338]","[6.506308918396468, 0.013182056693639121, 0.012245277145679644, 0.004500118679337919, 0.2180156042738398, 0.007320514231850657]","[250.0, 5.0, 100.0]"
7,0.1,7,49,1,"[6.597999999994842, 0.011549999999992337, 0.012090000000000338]","[6.506308918396468, 0.013182056693639121, 0.012245277145679644, 0.004500118679337919, 0.2180156042738398, 0.007320514231850657]","[250.0, 5.0, 100.0]"
8,0.1,7,49,1,"[6.597999999994842, 0.011549999999992337, 0.012090000000000338]","[6.506308918396468, 0.013182056693639121, 0.012245277145679644, 0.004500118679337919, 0.2180156042738398, 0.007320514231850657]","[250.0, 5.0, 100.0]"
9,0.1,7,49,1,"[6.597999999994842, 0.011549999999992337, 0.012090000000000338]","[6.506308918396468, 0.013182056693639121, 0.012245277145679644, 0.004500118679337919, 0.2180156042738398, 0.007320514231850657]","[250.0, 5.0, 100.0]"
10,0.1,7,49,1,"[6.597999999994842, 0.011549999999992337, 0.012090000000000338]","[6.506308918396468, 0.013182056693639121, 0.012245277145679644, 0.004500118679337919, 0.2180156042738398, 0.007320514231850657]","[250.0, 5.0, 100.0]"
1,0.2,1,1,1,"[6.595911967066731, 0.011543751151068723, 0.012091191740767135]","[7.6908514416683955, 0.010820135809741354, 0.010736136485808997, 0.004523736209168437, 0.182103917099773, 0.006204101976553978]","[250.0, 5.0, 100.0]"
2,0.2,1,1,1,"[6.595911967066732, 0.011543751151068725, 0.012091191740767133]","[7.6908514416683955, 0.010820135809741354, 0.010736136485808997, 0.004523736209168437, 0.182103917099773, 0.006204101976553978]","[250.0, 5.0, 100.0]"
3,0.2,1,1,1,"[6.59591196706674, 0.011543751151068735, 0.012091191740767135]","[7.6908514416683955, 0.010820135809741354, 0.010736136485808997, 0.004523736209168437, 0.182103917099773, 0.006204101976553978]","[250.0, 5.0, 100.0]"
4,0.2,1,1,1,"[6.595911967066731, 0.011543751151068723, 0.012091191740767135]","[7.6908514416683955, 0.010820135809741354, 0.010736136485808997, 0.004523736209168437, 0.182103917099773, 0.006204101976553978]","[250.0, 5.0, 100.0]"
5,0.2,1,1,1,"[6.595911967066734, 0.011543751151068727, 0.012091191740767135]","[7.6908514416683955, 0.010820135809741354, 0.010736136485808997, 0.004523736209168437, 0.182103917099773, 0.006204101976553978]","[250.0, 5.0, 100.0]"
6,0.2,1,1,1,"[6.5959119670667405, 0.011543751151068735, 0.012091191740767136]","[7.6908514416683955, 0.010820135809741354, 0.010736136485808997, 0.004523736209168437, 0.182103917099773, 0.006204101976553978]","[250.0, 5.0, 100.0]"
7,0.2,1,1,1,"[6.595911967066736, 0.01154375115106873, 0.012091191740767133]","[7.6908514416683955, 0.010820135809741354, 0.010736136485808997, 0.004523736209168437, 0.182103917099773, 0.006204101976553978]","[250.0, 5.0, 100.0]"
8,0.2,1,1,1,"[6.595911967066734, 0.011543751151068728, 0.012091191740767136]","[7.6908514416683955, 0.010820135809741354, 0.010736136485808997, 0.004523736209168437, 0.182103917099773, 0.006204101976553978]","[250.0, 5.0, 100.0]"
9,0.2,1,1,1,"[6.595911967066732, 0.011543751151068725, 0.012091191740767136]","[7.6908514416683955, 0.010820135809741354, 0.010736136485808997, 0.004523736209168437, 0.182103917099773, 0.006204101976553978]","[250.0, 5.0, 100.0]"
10,0.2,1,1,1,"[6.595911967066732, 0.011543751151068725, 0.012091191740767133]","[7.6908514416683955, 0.010820135809741354, 0.010736136485808997, 0.004523736209168437, 0.182103917099773, 0.006204101976553978]","[250.0, 5.0, 100.0]"
1,0.2,2,4,4,"[6.598047644673717, 0.011550098692751575, 0.012089989485618242]","[7.6908514416683955, 0.010820135809741354, 0.010736136485808997, 0.004523736209168437, 0.182103917099773, 0.006204101976553978]","[250.0, 5.0, 100.0]"
2,0.2,2,4,4,"[6.598047644673724, 0.01155009869275158, 0.012089989485618255]","[7.6908514416683955, 0.010820135809741354, 0.010736136485808997, 0.004523736209168437, 0.182103917099773, 0.006204101976553978]","[250.0, 5.0, 100.0]"
3,0.2,2,4,4,"[6.598047644673712, 0.011550098692751571, 0.01208998948561825]","[7.6908514416683955, 0.010820135809741354, 0.010736136485808997, 0.004523736209168437, 0.182103917099773, 0.006204101976553978]","[250.0, 5.0, 100.0]"
4,0.2,2,4,4,"[6.59804764467369, 0.011550098692751531, 0.012089989485618256]","[7.6908514416683955, 0.010820135809741354, 0.010736136485808997, 0.004523736209168437, 0.182103917099773, 0.006204101976553978]","[250.0, 5.0, 100.0]"
5,0.2,2,4,4,"[6.598047644673709, 0.011550098692751557, 0.01208998948561826]","[7.6908514416683955, 0.010820135809741354, 0.010736136485808997, 0.004523736209168437, 0.182103917099773, 0.006204101976553978]","[250.0, 5.0, 100.0]"
6,0.2,2,4,4,"[6.5980476446737075, 0.01155009869275156, 0.01208998948561825]","[7.6908514416683955, 0.010820135809741354, 0.010736136485808997, 0.004523736209168437, 0.182103917099773, 0.006204101976553978]","[250.0, 5.0, 100.0]"
7,0.2,2,4,4,"[6.598047644673698, 0.011550098692751542, 0.012089989485618268]","[7.6908514416683955, 0.010820135809741354, 0.010736136485808997, 0.004523736209168437, 0.182103917099773, 0.006204101976553978]","[250.0, 5.0, 100.0]"
8,0.2,2,4,4,"[6.598047644673703, 0.011550098692751556, 0.012089989485618244]","[7.6908514416683955, 0.010820135809741354, 0.010736136485808997, 0.004523736209168437, 0.182103917099773, 0.006204101976553978]","[250.0, 5.0, 100.0]"
9,0.2,2,4,4,"[6.598047644673733, 0.011550098692751597, 0.012089989485618253]","[7.6908514416683955, 0.010820135809741354, 0.010736136485808997, 0.004523736209168437, 0.182103917099773, 0.006204101976553978]","[250.0, 5.0, 100.0]"
10,0.2,2,4,4,"[6.598047644673723, 0.011550098692751583, 0.012089989485618237]","[7.6908514416683955, 0.010820135809741354, 0.010736136485808997, 0.004523736209168437, 0.182103917099773, 0.006204101976553978]","[250.0, 5.0, 100.0]"
1,0.2,3,9,1,"[6.597999397217535, 0.011549998929393126, 0.01209000006271384]","[7.6908514416683955, 0.010820135809741354, 0.010736136485808997, 0.004523736209168437, 0.182103917099773, 0.006204101976553978]","[250.0, 5.0, 100.0]"
2,0.2,3,9,1,"[6.597999397217528, 0.01154999892939312, 0.012090000062713827]","[7.6908514416683955, 0.010820135809741354, 0.010736136485808997, 0.004523736209168437, 0.182103917099773, 0.006204101976553978]","[250.0, 5.0, 100.0]"
3,0.2,3,9,1,"[6.59799939721754, 0.01154999892939314, 0.012090000062713826]","[7.6908514416683955, 0.010820135809741354, 0.010736136485808997, 0.004523736209168437, 0.182103917099773, 0.006204101976553978]","[250.0, 5.0, 100.0]"
4,0.2,3,9,1,"[6.597999397217495, 0.011549998929393073, 0.012090000062713829]","[7.6908514416683955, 0.010820135809741354, 0.010736136485808997, 0.004523736209168437, 0.182103917099773, 0.006204101976553978]","[250.0, 5.0, 100.0]"
5,0.2,3,9,1,"[6.597999397217564, 0.011549998929393172, 0.01209000006271384]","[7.6908514416683955, 0.010820135809741354, 0.010736136485808997, 0.004523736209168437, 0.182103917099773, 0.006204101976553978]","[250.0, 5.0, 100.0]"
6,0.2,3,9,1,"[6.597999397217528, 0.01154999892939312, 0.012090000062713827]","[7.6908514416683955, 0.010820135809741354, 0.010736136485808997, 0.004523736209168437, 0.182103917099773, 0.006204101976553978]","[250.0, 5.0, 100.0]"
7,0.2,3,9,1,"[6.597999397217467, 0.011549998929393025, 0.012090000062713858]","[7.6908514416683955, 0.010820135809741354, 0.010736136485808997, 0.004523736209168437, 0.182103917099773, 0.006204101976553978]","[250.0, 5.0, 100.0]"
8,0.2,3,9,1,"[6.597999397217528, 0.01154999892939312, 0.012090000062713827]","[7.6908514416683955, 0.010820135809741354, 0.010736136485808997, 0.004523736209168437, 0.182103917099773, 0.006204101976553978]","[250.0, 5.0, 100.0]"
9,0.2,3,9,1,"[6.597999397217572, 0.011549998929393186, 0.012090000062713829]","[7.6908514416683955, 0.010820135809741354, 0.010736136485808997, 0.004523736209168437, 0.182103917099773, 0.006204101976553978]","[250.0, 5.0, 100.0]"
10,0.2,3,9,1,"[6.597999397217497, 0.011549998929393075, 0.012090000062713845]","[7.6908514416683955, 0.010820135809741354, 0.010736136485808997, 0.004523736209168437, 0.182103917099773, 0.006204101976553978]","[250.0, 5.0, 100.0]"
1,0.2,4,16,4,"[6.59800000559694, 0.011550000009187317, 0.012089999999719358]","[7.6908514416683955, 0.010820135809741354, 0.010736136485808997, 0.004523736209168437, 0.182103917099773, 0.006204101976553978]","[250.0, 5.0, 100.0]"
2,0.2,4,16,4,"[6.598000005596962, 0.011550000009187359, 0.01208999999971929]","[7.6908514416683955, 0.010820135809741354, 0.010736136485808997, 0.004523736209168437, 0.182103917099773, 0.006204101976553978]","[250.0, 5.0, 100.0]"
3,0.2,4,16,4,"[6.59800000559694, 0.011550000009187317, 0.012089999999719358]","[7.6908514416683955, 0.010820135809741354, 0.010736136485808997, 0.004523736209168437, 0.182103917099773, 0.006204101976553978]","[250.0, 5.0, 100.0]"
4,0.2,4,16,4,"[6.59800000559694, 0.011550000009187317, 0.012089999999719358]","[7.6908514416683955, 0.010820135809741354, 0.010736136485808997, 0.004523736209168437, 0.182103917099773, 0.006204101976553978]","[250.0, 5.0, 100.0]"
5,0.2,4,16,4,"[6.59800000559694, 0.011550000009187317, 0.012089999999719358]","[7.6908514416683955, 0.010820135809741354, 0.010736136485808997, 0.004523736209168437, 0.182103917099773, 0.006204101976553978]","[250.0, 5.0, 100.0]"
6,0.2,4,16,4,"[6.59800000559694, 0.011550000009187317, 0.012089999999719358]","[7.6908514416683955, 0.010820135809741354, 0.010736136485808997, 0.004523736209168437, 0.182103917099773, 0.006204101976553978]","[250.0, 5.0, 100.0]"
7,0.2,4,16,4,"[6.598000005596924, 0.011550000009187293, 0.012089999999719318]","[7.6908514416683955, 0.010820135809741354, 0.010736136485808997, 0.004523736209168437, 0.182103917099773, 0.006204101976553978]","[250.0, 5.0, 100.0]"
8,0.2,4,16,4,"[6.598000005597035, 0.011550000009187454, 0.012089999999719356]","[7.6908514416683955, 0.010820135809741354, 0.010736136485808997, 0.004523736209168437, 0.182103917099773, 0.006204101976553978]","[250.0, 5.0, 100.0]"
9,0.2,4,16,4,"[6.59800000559686, 0.011550000009187208, 0.012089999999719301]","[7.6908514416683955, 0.010820135809741354, 0.010736136485808997, 0.004523736209168437, 0.182103917099773, 0.006204101976553978]","[250.0, 5.0, 100.0]"
10,0.2,4,16,4,"[6.59800000559694, 0.011550000009187317, 0.012089999999719358]","[7.6908514416683955, 0.010820135809741354, 0.010736136485808997, 0.004523736209168437, 0.182103917099773, 0.006204101976553978]","[250.0, 5.0, 100.0]"
1,0.2,5,25,1,"[6.597999999960722, 0.011549999999938509, 0.01208999999999942]","[7.6908514416683955, 0.010820135809741354, 0.010736136485808997, 0.004523736209168437, 0.182103917099773, 0.006204101976553978]","[250.0, 5.0, 100.0]"
2,0.2,5,25,1,"[6.597999999960722, 0.011549999999938509, 0.01208999999999942]","[7.6908514416683955, 0.010820135809741354, 0.010736136485808997, 0.004523736209168437, 0.182103917099773, 0.006204101976553978]","[250.0, 5.0, 100.0]"
3,0.2,5,25,1,"[6.597999999960722, 0.011549999999938509, 0.01208999999999942]","[7.6908514416683955, 0.010820135809741354, 0.010736136485808997, 0.004523736209168437, 0.182103917099773, 0.006204101976553978]","[250.0, 5.0, 100.0]"
4,0.2,5,25,1,"[6.597999999960722, 0.011549999999938509, 0.01208999999999942]","[7.6908514416683955, 0.010820135809741354, 0.010736136485808997, 0.004523736209168437, 0.182103917099773, 0.006204101976553978]","[250.0, 5.0, 100.0]"
5,0.2,5,25,1,"[6.597999999960545, 0.011549999999938252, 0.01208999999999936]","[7.6908514416683955, 0.010820135809741354, 0.010736136485808997, 0.004523736209168437, 0.182103917099773, 0.006204101976553978]","[250.0, 5.0, 100.0]"
6,0.2,5,25,1,"[6.597999999960648, 0.011549999999938394, 0.012089999999999455]","[7.6908514416683955, 0.010820135809741354, 0.010736136485808997, 0.004523736209168437, 0.182103917099773, 0.006204101976553978]","[250.0, 5.0, 100.0]"
7,0.2,5,25,1,"[6.597999999960722, 0.011549999999938509, 0.01208999999999942]","[7.6908514416683955, 0.010820135809741354, 0.010736136485808997, 0.004523736209168437, 0.182103917099773, 0.006204101976553978]","[250.0, 5.0, 100.0]"
8,0.2,5,25,1,"[6.597999999960722, 0.011549999999938509, 0.01208999999999942]","[7.6908514416683955, 0.010820135809741354, 0.010736136485808997, 0.004523736209168437, 0.182103917099773, 0.006204101976553978]","[250.0, 5.0, 100.0]"
9,0.2,5,25,1,"[6.597999999960722, 0.011549999999938509, 0.01208999999999942]","[7.6908514416683955, 0.010820135809741354, 0.010736136485808997, 0.004523736209168437, 0.182103917099773, 0.006204101976553978]","[250.0, 5.0, 100.0]"
10,0.2,5,25,1,"[6.597999999960722, 0.011549999999938509, 0.01208999999999942]","[7.6908514416683955, 0.010820135809741354, 0.010736136485808997, 0.004523736209168437, 0.182103917099773, 0.006204101976553978]","[250.0, 5.0, 100.0]"
1,0.2,6,36,4,"[6.598000000001369, 0.011550000000001968, 0.012089999999999887]","[7.6908514416683955, 0.010820135809741354, 0.010736136485808997, 0.004523736209168437, 0.182103917099773, 0.006204101976553978]","[250.0, 5.0, 100.0]"
2,0.2,6,36,4,"[6.598000000001369, 0.011550000000001968, 0.012089999999999887]","[7.6908514416683955, 0.010820135809741354, 0.010736136485808997, 0.004523736209168437, 0.182103917099773, 0.006204101976553978]","[250.0, 5.0, 100.0]"
3,0.2,6,36,4,"[6.598000000001369, 0.011550000000001968, 0.012089999999999887]","[7.6908514416683955, 0.010820135809741354, 0.010736136485808997, 0.004523736209168437, 0.182103917099773, 0.006204101976553978]","[250.0, 5.0, 100.0]"
4,0.2,6,36,4,"[6.598000000001369, 0.011550000000001968, 0.012089999999999887]","[7.6908514416683955, 0.010820135809741354, 0.010736136485808997, 0.004523736209168437, 0.182103917099773, 0.006204101976553978]","[250.0, 5.0, 100.0]"
5,0.2,6,36,4,"[6.598000000001369, 0.011550000000001968, 0.012089999999999887]","[7.6908514416683955, 0.010820135809741354, 0.010736136485808997, 0.004523736209168437, 0.182103917099773, 0.006204101976553978]","[250.0, 5.0, 100.0]"
6,0.2,6,36,4,"[6.598000000001369, 0.011550000000001968, 0.012089999999999887]","[7.6908514416683955, 0.010820135809741354, 0.010736136485808997, 0.004523736209168437, 0.182103917099773, 0.006204101976553978]","[250.0, 5.0, 100.0]"
7,0.2,6,36,4,"[6.598000000001369, 0.011550000000001968, 0.012089999999999887]","[7.6908514416683955, 0.010820135809741354, 0.010736136485808997, 0.004523736209168437, 0.182103917099773, 0.006204101976553978]","[250.0, 5.0, 100.0]"
8,0.2,6,36,4,"[6.598000000001369, 0.011550000000001968, 0.012089999999999887]","[7.6908514416683955, 0.010820135809741354, 0.010736136485808997, 0.004523736209168437, 0.182103917099773, 0.006204101976553978]","[250.0, 5.0, 100.0]"
9,0.2,6,36,4,"[6.598000000001369, 0.011550000000001968, 0.012089999999999887]","[7.6908514416683955, 0.010820135809741354, 0.010736136485808997, 0.004523736209168437, 0.182103917099773, 0.006204101976553978]","[250.0, 5.0, 100.0]"
10,0.2,6,36,4,"[6.598000000001369, 0.011550000000001968, 0.012089999999999887]","[7.6908514416683955, 0.010820135809741354, 0.010736136485808997, 0.004523736209168437, 0.182103917099773, 0.006204101976553978]","[250.0, 5.0, 100.0]"
1,0.2,7,49,1,"[6.597999999999596, 0.011549999999998768, 0.01209000000000362]","[7.6908514416683955, 0.010820135809741354, 0.010736136485808997, 0.004523736209168437, 0.182103917099773, 0.006204101976553978]","[250.0, 5.0, 100.0]"
2,0.2,7,49,1,"[6.597999999999596, 0.011549999999998768, 0.01209000000000362]","[7.6908514416683955, 0.010820135809741354, 0.010736136485808997, 0.004523736209168437, 0.182103917099773, 0.006204101976553978]","[250.0, 5.0, 100.0]"
3,0.2,7,49,1,"[6.597999999999596, 0.011549999999998768, 0.01209000000000362]","[7.6908514416683955, 0.010820135809741354, 0.010736136485808997, 0.004523736209168437, 0.182103917099773, 0.006204101976553978]","[250.0, 5.0, 100.0]"
4,0.2,7,49,1,"[6.597999999999596, 0.011549999999998768, 0.01209000000000362]","[7.6908514416683955, 0.010820135809741354, 0.010736136485808997, 0.004523736209168437, 0.182103917099773, 0.006204101976553978]","[250.0, 5.0, 100.0]"
5,0.2,7,49,1,"[6.597999999999596, 0.011549999999998768, 0.01209000000000362]","[7.6908514416683955, 0.010820135809741354, 0.010736136485808997, 0.004523736209168437, 0.182103917099773, 0.006204101976553978]","[250.0, 5.0, 100.0]"
6,0.2,7,49,1,"[6.597999999999596, 0.011549999999998768, 0.01209000000000362]","[7.6908514416683955, 0.010820135809741354, 0.010736136485808997, 0.004523736209168437, 0.182103917099773, 0.006204101976553978]","[250.0, 5.0, 100.0]"
7,0.2,7,49,1,"[6.597999999999738, 0.011549999999998995, 0.012090000000003556]","[7.6908514416683955, 0.010820135809741354, 0.010736136485808997, 0.004523736209168437, 0.182103917099773, 0.006204101976553978]","[250.0, 5.0, 100.0]"
8,0.2,7,49,1,"[6.597999999999596, 0.011549999999998768, 0.01209000000000362]","[7.6908514416683955, 0.010820135809741354, 0.010736136485808997, 0.004523736209168437, 0.182103917099773, 0.006204101976553978]","[250.0, 5.0, 100.0]"
9,0.2,7,49,1,"[6.597999999999596, 0.011549999999998768, 0.01209000000000362]","[7.6908514416683955, 0.010820135809741354, 0.010736136485808997, 0.004523736209168437, 0.182103917099773, 0.006204101976553978]","[250.0, 5.0, 100.0]"
10,0.2,7,49,1,"[6.597999999999596, 0.011549999999998768, 0.01209000000000362]","[7.6908514416683955, 0.010820135809741354, 0.010736136485808997, 0.004523736209168437, 0.182103917099773, 0.006204101976553978]","[250.0, 5.0, 100.0]"
1,0.25,1,1,1,"[6.65856134414427, 0.011389316602618311, 0.012161139182160885]","[7.955777655215254, 0.014068821544070026, 0.009146149024456382, 0.004621996608079108, 0.20039699572151162, 0.007846559258849525]","[250.0, 5.0, 100.0]"
2,0.25,1,1,1,"[6.6585613441442675, 0.011389316602618308, 0.012161139182160883]","[7.955777655215254, 0.014068821544070026, 0.009146149024456382, 0.004621996608079108, 0.20039699572151162, 0.007846559258849525]","[250.0, 5.0, 100.0]"
3,0.25,1,1,1,"[6.65856134414427, 0.011389316602618313, 0.012161139182160885]","[7.955777655215254, 0.014068821544070026, 0.009146149024456382, 0.004621996608079108, 0.20039699572151162, 0.007846559258849525]","[250.0, 5.0, 100.0]"
4,0.25,1,1,1,"[6.658561344144264, 0.011389316602618306, 0.012161139182160883]","[7.955777655215254, 0.014068821544070026, 0.009146149024456382, 0.004621996608079108, 0.20039699572151162, 0.007846559258849525]","[250.0, 5.0, 100.0]"
5,0.25,1,1,1,"[6.658561344144268, 0.011389316602618308, 0.012161139182160885]","[7.955777655215254, 0.014068821544070026, 0.009146149024456382, 0.004621996608079108, 0.20039699572151162, 0.007846559258849525]","[250.0, 5.0, 100.0]"
6,0.25,1,1,1,"[6.658561344144266, 0.011389316602618306, 0.012161139182160885]","[7.955777655215254, 0.014068821544070026, 0.009146149024456382, 0.004621996608079108, 0.20039699572151162, 0.007846559258849525]","[250.0, 5.0, 100.0]"
7,0.25,1,1,1,"[6.65856134414427, 0.011389316602618315, 0.012161139182160883]","[7.955777655215254, 0.014068821544070026, 0.009146149024456382, 0.004621996608079108, 0.20039699572151162, 0.007846559258849525]","[250.0, 5.0, 100.0]"
8,0.25,1,1,1,"[6.658561344144268, 0.011389316602618308, 0.012161139182160885]","[7.955777655215254, 0.014068821544070026, 0.009146149024456382, 0.004621996608079108, 0.20039699572151162, 0.007846559258849525]","[250.0, 5.0, 100.0]"
9,0.25,1,1,1,"[6.658561344144268, 0.01138931660261831, 0.012161139182160883]","[7.955777655215254, 0.014068821544070026, 0.009146149024456382, 0.004621996608079108, 0.20039699572151162, 0.007846559258849525]","[250.0, 5.0, 100.0]"
10,0.25,1,1,1,"[6.65856134414427, 0.011389316602618313, 0.012161139182160885]","[7.955777655215254, 0.014068821544070026, 0.009146149024456382, 0.004621996608079108, 0.20039699572151162, 0.007846559258849525]","[250.0, 5.0, 100.0]"
1,0.25,2,4,4,"[6.599627794742737, 0.011575383468186621, 0.012079544906357282]","[7.955777655215254, 0.014068821544070026, 0.009146149024456382, 0.004621996608079108, 0.20039699572151162, 0.007846559258849525]","[250.0, 5.0, 100.0]"
2,0.25,2,4,4,"[6.599627794742704, 0.011575383468186576, 0.012079544906357284]","[7.955777655215254, 0.014068821544070026, 0.009146149024456382, 0.004621996608079108, 0.20039699572151162, 0.007846559258849525]","[250.0, 5.0, 100.0]"
3,0.25,2,4,4,"[6.59962779474271, 0.011575383468186585, 0.012079544906357301]","[7.955777655215254, 0.014068821544070026, 0.009146149024456382, 0.004621996608079108, 0.20039699572151162, 0.007846559258849525]","[250.0, 5.0, 100.0]"
4,0.25,2,4,4,"[6.59962779474273, 0.011575383468186616, 0.01207954490635728]","[7.955777655215254, 0.014068821544070026, 0.009146149024456382, 0.004621996608079108, 0.20039699572151162, 0.007846559258849525]","[250.0, 5.0, 100.0]"
5,0.25,2,4,4,"[6.599627794742729, 0.011575383468186614, 0.012079544906357261]","[7.955777655215254, 0.014068821544070026, 0.009146149024456382, 0.004621996608079108, 0.20039699572151162, 0.007846559258849525]","[250.0, 5.0, 100.0]"
6,0.25,2,4,4,"[6.5996277947427116, 0.011575383468186585, 0.012079544906357284]","[7.955777655215254, 0.014068821544070026, 0.009146149024456382, 0.004621996608079108, 0.20039699572151162, 0.007846559258849525]","[250.0, 5.0, 100.0]"
7,0.25,2,4,4,"[6.599627794742746, 0.011575383468186637, 0.012079544906357284]","[7.955777655215254, 0.014068821544070026, 0.009146149024456382, 0.004621996608079108, 0.20039699572151162, 0.007846559258849525]","[250.0, 5.0, 100.0]"
8,0.25,2,4,4,"[6.599627794742702, 0.011575383468186571, 0.01207954490635729]","[7.955777655215254, 0.014068821544070026, 0.009146149024456382, 0.004621996608079108, 0.20039699572151162, 0.007846559258849525]","[250.0, 5.0, 100.0]"
9,0.25,2,4,4,"[6.59962779474273, 0.011575383468186613, 0.012079544906357285]","[7.955777655215254, 0.014068821544070026, 0.009146149024456382, 0.004621996608079108, 0.20039699572151162, 0.007846559258849525]","[250.0, 5.0, 100.0]"
10,0.25,2,4,4,"[6.599627794742737, 0.011575383468186628, 0.01207954490635728]","[7.955777655215254, 0.014068821544070026, 0.009146149024456382, 0.004621996608079108, 0.20039699572151162, 0.007846559258849525]","[250.0, 5.0, 100.0]"
1,0.25,3,9,1,"[6.597870098421547, 0.011548574105396196, 0.01209045051080535]","[7.955777655215254, 0.014068821544070026, 0.009146149024456382, 0.004621996608079108, 0.20039699572151162, 0.007846559258849525]","[250.0, 5.0, 100.0]"
2,0.25,3,9,1,"[6.597870098421559, 0.011548574105396218, 0.012090450510805343]","[7.955777655215254, 0.014068821544070026, 0.009146149024456382, 0.004621996608079108, 0.20039699572151162, 0.007846559258849525]","[250.0, 5.0, 100.0]"
3,0.25,3,9,1,"[6.597870098421629, 0.011548574105396323, 0.012090450510805328]","[7.955777655215254, 0.014068821544070026, 0.009146149024456382, 0.004621996608079108, 0.20039699572151162, 0.007846559258849525]","[250.0, 5.0, 100.0]"
4,0.25,3,9,1,"[6.5978700984215894, 0.011548574105396255, 0.01209045051080534]","[7.955777655215254, 0.014068821544070026, 0.009146149024456382, 0.004621996608079108, 0.20039699572151162, 0.007846559258849525]","[250.0, 5.0, 100.0]"
5,0.25,3,9,1,"[6.597870098421585, 0.011548574105396251, 0.012090450510805347]","[7.955777655215254, 0.014068821544070026, 0.009146149024456382, 0.004621996608079108, 0.20039699572151162, 0.007846559258849525]","[250.0, 5.0, 100.0]"
6,0.25,3,9,1,"[6.597870098421586, 0.011548574105396253, 0.01209045051080533]","[7.955777655215254, 0.014068821544070026, 0.009146149024456382, 0.004621996608079108, 0.20039699572151162, 0.007846559258849525]","[250.0, 5.0, 100.0]"
7,0.25,3,9,1,"[6.597870098421585, 0.011548574105396251, 0.012090450510805347]","[7.955777655215254, 0.014068821544070026, 0.009146149024456382, 0.004621996608079108, 0.20039699572151162, 0.007846559258849525]","[250.0, 5.0, 100.0]"
8,0.25,3,9,1,"[6.597870098421585, 0.011548574105396251, 0.012090450510805347]","[7.955777655215254, 0.014068821544070026, 0.009146149024456382, 0.004621996608079108, 0.20039699572151162, 0.007846559258849525]","[250.0, 5.0, 100.0]"
9,0.25,3,9,1,"[6.597870098421563, 0.01154857410539622, 0.012090450510805362]","[7.955777655215254, 0.014068821544070026, 0.009146149024456382, 0.004621996608079108, 0.20039699572151162, 0.007846559258849525]","[250.0, 5.0, 100.0]"
10,0.25,3,9,1,"[6.597870098421588, 0.011548574105396255, 0.01209045051080536]","[7.955777655215254, 0.014068821544070026, 0.009146149024456382, 0.004621996608079108, 0.20039699572151162, 0.007846559258849525]","[250.0, 5.0, 100.0]"
1,0.25,4,16,4,"[6.598016608286112, 0.01155008031270702, 0.012089976892796395]","[7.955777655215254, 0.014068821544070026, 0.009146149024456382, 0.004621996608079108, 0.20039699572151162, 0.007846559258849525]","[250.0, 5.0, 100.0]"
2,0.25,4,16,4,"[6.59801660828605, 0.011550080312706925, 0.012089976892796464]","[7.955777655215254, 0.014068821544070026, 0.009146149024456382, 0.004621996608079108, 0.20039699572151162, 0.007846559258849525]","[250.0, 5.0, 100.0]"
3,0.25,4,16,4,"[6.598016608285945, 0.011550080312706771, 0.012089976892796426]","[7.955777655215254, 0.014068821544070026, 0.009146149024456382, 0.004621996608079108, 0.20039699572151162, 0.007846559258849525]","[250.0, 5.0, 100.0]"
4,0.25,4,16,4,"[6.598016608285947, 0.011550080312706783, 0.012089976892796346]","[7.955777655215254, 0.014068821544070026, 0.009146149024456382, 0.004621996608079108, 0.20039699572151162, 0.007846559258849525]","[250.0, 5.0, 100.0]"
5,0.25,4,16,4,"[6.598016608286112, 0.01155008031270702, 0.012089976892796395]","[7.955777655215254, 0.014068821544070026, 0.009146149024456382, 0.004621996608079108, 0.20039699572151162, 0.007846559258849525]","[250.0, 5.0, 100.0]"
6,0.25,4,16,4,"[6.598016608286019, 0.011550080312706875, 0.012089976892796405]","[7.955777655215254, 0.014068821544070026, 0.009146149024456382, 0.004621996608079108, 0.20039699572151162, 0.007846559258849525]","[250.0, 5.0, 100.0]"
7,0.25,4,16,4,"[6.598016608286112, 0.01155008031270702, 0.012089976892796395]","[7.955777655215254, 0.014068821544070026, 0.009146149024456382, 0.004621996608079108, 0.20039699572151162, 0.007846559258849525]","[250.0, 5.0, 100.0]"
8,0.25,4,16,4,"[6.598016608286112, 0.01155008031270702, 0.012089976892796395]","[7.955777655215254, 0.014068821544070026, 0.009146149024456382, 0.004621996608079108, 0.20039699572151162, 0.007846559258849525]","[250.0, 5.0, 100.0]"
9,0.25,4,16,4,"[6.598016608286112, 0.01155008031270702, 0.012089976892796395]","[7.955777655215254, 0.014068821544070026, 0.009146149024456382, 0.004621996608079108, 0.20039699572151162, 0.007846559258849525]","[250.0, 5.0, 100.0]"
10,0.25,4,16,4,"[6.598016608286112, 0.01155008031270702, 0.012089976892796395]","[7.955777655215254, 0.014068821544070026, 0.009146149024456382, 0.004621996608079108, 0.20039699572151162, 0.007846559258849525]","[250.0, 5.0, 100.0]"
1,0.25,5,25,1,"[6.597999093729542, 0.011549996588474143, 0.012090000792746967]","[7.955777655215254, 0.014068821544070026, 0.009146149024456382, 0.004621996608079108, 0.20039699572151162, 0.007846559258849525]","[250.0, 5.0, 100.0]"
2,0.25,5,25,1,"[6.597999093729341, 0.011549996588473842, 0.012090000792746948]","[7.955777655215254, 0.014068821544070026, 0.009146149024456382, 0.004621996608079108, 0.20039699572151162, 0.007846559258849525]","[250.0, 5.0, 100.0]"
3,0.25,5,25,1,"[6.597999093729341, 0.011549996588473842, 0.012090000792746948]","[7.955777655215254, 0.014068821544070026, 0.009146149024456382, 0.004621996608079108, 0.20039699572151162, 0.007846559258849525]","[250.0, 5.0, 100.0]"
4,0.25,5,25,1,"[6.597999093729341, 0.011549996588473842, 0.012090000792746948]","[7.955777655215254, 0.014068821544070026, 0.009146149024456382, 0.004621996608079108, 0.20039699572151162, 0.007846559258849525]","[250.0, 5.0, 100.0]"
5,0.25,5,25,1,"[6.597999093729341, 0.011549996588473842, 0.012090000792746948]","[7.955777655215254, 0.014068821544070026, 0.009146149024456382, 0.004621996608079108, 0.20039699572151162, 0.007846559258849525]","[250.0, 5.0, 100.0]"
6,0.25,5,25,1,"[6.597999093729341, 0.011549996588473842, 0.012090000792746948]","[7.955777655215254, 0.014068821544070026, 0.009146149024456382, 0.004621996608079108, 0.20039699572151162, 0.007846559258849525]","[250.0, 5.0, 100.0]"
7,0.25,5,25,1,"[6.597999093729341, 0.011549996588473842, 0.012090000792746948]","[7.955777655215254, 0.014068821544070026, 0.009146149024456382, 0.004621996608079108, 0.20039699572151162, 0.007846559258849525]","[250.0, 5.0, 100.0]"
8,0.25,5,25,1,"[6.597999093729341, 0.011549996588473842, 0.012090000792746948]","[7.955777655215254, 0.014068821544070026, 0.009146149024456382, 0.004621996608079108, 0.20039699572151162, 0.007846559258849525]","[250.0, 5.0, 100.0]"
9,0.25,5,25,1,"[6.597999093729341, 0.011549996588473842, 0.012090000792746948]","[7.955777655215254, 0.014068821544070026, 0.009146149024456382, 0.004621996608079108, 0.20039699572151162, 0.007846559258849525]","[250.0, 5.0, 100.0]"
10,0.25,5,25,1,"[6.597999093729341, 0.011549996588473842, 0.012090000792746948]","[7.955777655215254, 0.014068821544070026, 0.009146149024456382, 0.004621996608079108, 0.20039699572151162, 0.007846559258849525]","[250.0, 5.0, 100.0]"
1,0.25,6,36,4,"[6.598000042554283, 0.011550000129138796, 0.01208999997372818]","[7.955777655215254, 0.014068821544070026, 0.009146149024456382, 0.004621996608079108, 0.20039699572151162, 0.007846559258849525]","[250.0, 5.0, 100.0]"
2,0.25,6,36,4,"[6.598000042554496, 0.011550000129139119, 0.012089999973728173]","[7.955777655215254, 0.014068821544070026, 0.009146149024456382, 0.004621996608079108, 0.20039699572151162, 0.007846559258849525]","[250.0, 5.0, 100.0]"
3,0.25,6,36,4,"[6.598000042554496, 0.011550000129139119, 0.012089999973728173]","[7.955777655215254, 0.014068821544070026, 0.009146149024456382, 0.004621996608079108, 0.20039699572151162, 0.007846559258849525]","[250.0, 5.0, 100.0]"
4,0.25,6,36,4,"[6.598000042554496, 0.011550000129139119, 0.012089999973728173]","[7.955777655215254, 0.014068821544070026, 0.009146149024456382, 0.004621996608079108, 0.20039699572151162, 0.007846559258849525]","[250.0, 5.0, 100.0]"
5,0.25,6,36,4,"[6.598000042554496, 0.011550000129139119, 0.012089999973728173]","[7.955777655215254, 0.014068821544070026, 0.009146149024456382, 0.004621996608079108, 0.20039699572151162, 0.007846559258849525]","[250.0, 5.0, 100.0]"
6,0.25,6,36,4,"[6.598000042554496, 0.011550000129139119, 0.012089999973728173]","[7.955777655215254, 0.014068821544070026, 0.009146149024456382, 0.004621996608079108, 0.20039699572151162, 0.007846559258849525]","[250.0, 5.0, 100.0]"
7,0.25,6,36,4,"[6.598000042554496, 0.011550000129139119, 0.012089999973728173]","[7.955777655215254, 0.014068821544070026, 0.009146149024456382, 0.004621996608079108, 0.20039699572151162, 0.007846559258849525]","[250.0, 5.0, 100.0]"
8,0.25,6,36,4,"[6.598000042554496, 0.011550000129139119, 0.012089999973728173]","[7.955777655215254, 0.014068821544070026, 0.009146149024456382, 0.004621996608079108, 0.20039699572151162, 0.007846559258849525]","[250.0, 5.0, 100.0]"
9,0.25,6,36,4,"[6.598000042554496, 0.011550000129139119, 0.012089999973728173]","[7.955777655215254, 0.014068821544070026, 0.009146149024456382, 0.004621996608079108, 0.20039699572151162, 0.007846559258849525]","[250.0, 5.0, 100.0]"
10,0.25,6,36,4,"[6.598000042554496, 0.011550000129139119, 0.012089999973728173]","[7.955777655215254, 0.014068821544070026, 0.009146149024456382, 0.004621996608079108, 0.20039699572151162, 0.007846559258849525]","[250.0, 5.0, 100.0]"
1,0.25,7,49,1,"[6.597999998407858, 0.01154999999580043, 0.012090000000710768]","[7.955777655215254, 0.014068821544070026, 0.009146149024456382, 0.004621996608079108, 0.20039699572151162, 0.007846559258849525]","[250.0, 5.0, 100.0]"
2,0.25,7,49,1,"[6.597999998407858, 0.01154999999580043, 0.012090000000710768]","[7.955777655215254, 0.014068821544070026, 0.009146149024456382, 0.004621996608079108, 0.20039699572151162, 0.007846559258849525]","[250.0, 5.0, 100.0]"
3,0.25,7,49,1,"[6.597999998407858, 0.01154999999580043, 0.012090000000710768]","[7.955777655215254, 0.014068821544070026, 0.009146149024456382, 0.004621996608079108, 0.20039699572151162, 0.007846559258849525]","[250.0, 5.0, 100.0]"
4,0.25,7,49,1,"[6.597999998407858, 0.01154999999580043, 0.012090000000710768]","[7.955777655215254, 0.014068821544070026, 0.009146149024456382, 0.004621996608079108, 0.20039699572151162, 0.007846559258849525]","[250.0, 5.0, 100.0]"
5,0.25,7,49,1,"[6.597999998407858, 0.01154999999580043, 0.012090000000710768]","[7.955777655215254, 0.014068821544070026, 0.009146149024456382, 0.004621996608079108, 0.20039699572151162, 0.007846559258849525]","[250.0, 5.0, 100.0]"
6,0.25,7,49,1,"[6.597999998407858, 0.01154999999580043, 0.012090000000710768]","[7.955777655215254, 0.014068821544070026, 0.009146149024456382, 0.004621996608079108, 0.20039699572151162, 0.007846559258849525]","[250.0, 5.0, 100.0]"
7,0.25,7,49,1,"[6.597999998407858, 0.01154999999580043, 0.012090000000710768]","[7.955777655215254, 0.014068821544070026, 0.009146149024456382, 0.004621996608079108, 0.20039699572151162, 0.007846559258849525]","[250.0, 5.0, 100.0]"
8,0.25,7,49,1,"[6.597999998407858, 0.01154999999580043, 0.012090000000710768]","[7.955777655215254, 0.014068821544070026, 0.009146149024456382, 0.004621996608079108, 0.20039699572151162, 0.007846559258849525]","[250.0, 5.0, 100.0]"
9,0.25,7,49,1,"[6.597999998407858, 0.01154999999580043, 0.012090000000710768]","[7.955777655215254, 0.014068821544070026, 0.009146149024456382, 0.004621996608079108, 0.20039699572151162, 0.007846559258849525]","[250.0, 5.0, 100.0]"
10,0.25,7,49,1,"[6.597999998407858, 0.01154999999580043, 0.012090000000710768]","[7.955777655215254, 0.014068821544070026, 0.009146149024456382, 0.004621996608079108, 0.20039699572151162, 0.007846559258849525]","[250.0, 5.0, 100.0]"
1,0.5,1,1,1,"[6.118821156099339, 0.010571057471031455, 0.012097871347695495]","[8.728003529776204, 0.007657079392561984, 0.007392111017980519, 0.0055070812925458925, 0.2117750041383606, 0.008514890607179186]","[250.0, 5.0, 100.0]"
2,0.5,1,1,1,"[6.118821156099337, 0.010571057471031448, 0.012097871347695499]","[8.728003529776204, 0.007657079392561984, 0.007392111017980519, 0.0055070812925458925, 0.2117750041383606, 0.008514890607179186]","[250.0, 5.0, 100.0]"
3,0.5,1,1,1,"[6.118821156099336, 0.01057105747103145, 0.012097871347695495]","[8.728003529776204, 0.007657079392561984, 0.007392111017980519, 0.0055070812925458925, 0.2117750041383606, 0.008514890607179186]","[250.0, 5.0, 100.0]"
4,0.5,1,1,1,"[6.1188211560993375, 0.01057105747103145, 0.012097871347695497]","[8.728003529776204, 0.007657079392561984, 0.007392111017980519, 0.0055070812925458925, 0.2117750041383606, 0.008514890607179186]","[250.0, 5.0, 100.0]"
5,0.5,1,1,1,"[6.118821156099335, 0.010571057471031448, 0.012097871347695495]","[8.728003529776204, 0.007657079392561984, 0.007392111017980519, 0.0055070812925458925, 0.2117750041383606, 0.008514890607179186]","[250.0, 5.0, 100.0]"
6,0.5,1,1,1,"[6.1188211560993375, 0.01057105747103145, 0.012097871347695497]","[8.728003529776204, 0.007657079392561984, 0.007392111017980519, 0.0055070812925458925, 0.2117750041383606, 0.008514890607179186]","[250.0, 5.0, 100.0]"
7,0.5,1,1,1,"[6.118821156099337, 0.010571057471031448, 0.012097871347695499]","[8.728003529776204, 0.007657079392561984, 0.007392111017980519, 0.0055070812925458925, 0.2117750041383606, 0.008514890607179186]","[250.0, 5.0, 100.0]"
8,0.5,1,1,1,"[6.118821156099337, 0.010571057471031448, 0.012097871347695499]","[8.728003529776204, 0.007657079392561984, 0.007392111017980519, 0.0055070812925458925, 0.2117750041383606, 0.008514890607179186]","[250.0, 5.0, 100.0]"
9,0.5,1,1,1,"[6.1188211560993375, 0.01057105747103145, 0.012097871347695497]","[8.728003529776204, 0.007657079392561984, 0.007392111017980519, 0.0055070812925458925, 0.2117750041383606, 0.008514890607179186]","[250.0, 5.0, 100.0]"
10,0.5,1,1,1,"[6.1188211560993375, 0.01057105747103145, 0.012097871347695497]","[8.728003529776204, 0.007657079392561984, 0.007392111017980519, 0.0055070812925458925, 0.2117750041383606, 0.008514890607179186]","[250.0, 5.0, 100.0]"
1,0.5,2,4,2,,"[8.728003529776204, 0.007657079392561984, 0.007392111017980519, 0.0055070812925458925, 0.2117750041383606, 0.008514890607179186]","[250.0, 5.0, 100.0]"
2,0.5,2,4,2,,"[8.728003529776204, 0.007657079392561984, 0.007392111017980519, 0.0055070812925458925, 0.2117750041383606, 0.008514890607179186]","[250.0, 5.0, 100.0]"
3,0.5,2,4,2,,"[8.728003529776204, 0.007657079392561984, 0.007392111017980519, 0.0055070812925458925, 0.2117750041383606, 0.008514890607179186]","[250.0, 5.0, 100.0]"
4,0.5,2,4,2,,"[8.728003529776204, 0.007657079392561984, 0.007392111017980519, 0.0055070812925458925, 0.2117750041383606, 0.008514890607179186]","[250.0, 5.0, 100.0]"
5,0.5,2,4,2,,"[8.728003529776204, 0.007657079392561984, 0.007392111017980519, 0.0055070812925458925, 0.2117750041383606, 0.008514890607179186]","[250.0, 5.0, 100.0]"
6,0.5,2,4,2,,"[8.728003529776204, 0.007657079392561984, 0.007392111017980519, 0.0055070812925458925, 0.2117750041383606, 0.008514890607179186]","[250.0, 5.0, 100.0]"
7,0.5,2,4,2,,"[8.728003529776204, 0.007657079392561984, 0.007392111017980519, 0.0055070812925458925, 0.2117750041383606, 0.008514890607179186]","[250.0, 5.0, 100.0]"
8,0.5,2,4,2,,"[8.728003529776204, 0.007657079392561984, 0.007392111017980519, 0.0055070812925458925, 0.2117750041383606, 0.008514890607179186]","[250.0, 5.0, 100.0]"
9,0.5,2,4,2,,"[8.728003529776204, 0.007657079392561984, 0.007392111017980519, 0.0055070812925458925, 0.2117750041383606, 0.008514890607179186]","[250.0, 5.0, 100.0]"
10,0.5,2,4,2,,"[8.728003529776204, 0.007657079392561984, 0.007392111017980519, 0.0055070812925458925, 0.2117750041383606, 0.008514890607179186]","[250.0, 5.0, 100.0]"
1,0.5,3,9,1,"[6.5379342874744015, 0.011456692291967881, 0.012089540596480758]","[8.728003529776204, 0.007657079392561984, 0.007392111017980519, 0.0055070812925458925, 0.2117750041383606, 0.008514890607179186]","[250.0, 5.0, 100.0]"
2,0.5,3,9,1,"[6.537934287474581, 0.01145669229196815, 0.012089540596480786]","[8.728003529776204, 0.007657079392561984, 0.007392111017980519, 0.0055070812925458925, 0.2117750041383606, 0.008514890607179186]","[250.0, 5.0, 100.0]"
3,0.5,3,9,1,"[6.537934287474451, 0.011456692291967949, 0.0120895405964808]","[8.728003529776204, 0.007657079392561984, 0.007392111017980519, 0.0055070812925458925, 0.2117750041383606, 0.008514890607179186]","[250.0, 5.0, 100.0]"
4,0.5,3,9,1,"[6.5379342874745205, 0.011456692291968055, 0.01208954059648077]","[8.728003529776204, 0.007657079392561984, 0.007392111017980519, 0.0055070812925458925, 0.2117750041383606, 0.008514890607179186]","[250.0, 5.0, 100.0]"
5,0.5,3,9,1,"[6.537934287474415, 0.011456692291967892, 0.012089540596480819]","[8.728003529776204, 0.007657079392561984, 0.007392111017980519, 0.0055070812925458925, 0.2117750041383606, 0.008514890607179186]","[250.0, 5.0, 100.0]"
6,0.5,3,9,1,"[6.537934287474418, 0.0114566922919679, 0.012089540596480835]","[8.728003529776204, 0.007657079392561984, 0.007392111017980519, 0.0055070812925458925, 0.2117750041383606, 0.008514890607179186]","[250.0, 5.0, 100.0]"
7,0.5,3,9,1,"[6.5379342874744815, 0.011456692291967996, 0.012089540596480805]","[8.728003529776204, 0.007657079392561984, 0.007392111017980519, 0.0055070812925458925, 0.2117750041383606, 0.008514890607179186]","[250.0, 5.0, 100.0]"
8,0.5,3,9,1,"[6.5379342874744815, 0.011456692291967996, 0.012089540596480805]","[8.728003529776204, 0.007657079392561984, 0.007392111017980519, 0.0055070812925458925, 0.2117750041383606, 0.008514890607179186]","[250.0, 5.0, 100.0]"
9,0.5,3,9,1,"[6.537934287474407, 0.011456692291967881, 0.012089540596480798]","[8.728003529776204, 0.007657079392561984, 0.007392111017980519, 0.0055070812925458925, 0.2117750041383606, 0.008514890607179186]","[250.0, 5.0, 100.0]"
10,0.5,3,9,1,"[6.5379342874744815, 0.011456692291967996, 0.012089540596480805]","[8.728003529776204, 0.007657079392561984, 0.007392111017980519, 0.0055070812925458925, 0.2117750041383606, 0.008514890607179186]","[250.0, 5.0, 100.0]"
1,0.5,4,16,4,"[6.608055957063288, 0.011565158435778837, 0.012090110335069145]","[8.728003529776204, 0.007657079392561984, 0.007392111017980519, 0.0055070812925458925, 0.2117750041383606, 0.008514890607179186]","[250.0, 5.0, 100.0]"
2,0.5,4,16,4,"[6.608055957063112, 0.011565158435778572, 0.012090110335069118]","[8.728003529776204, 0.007657079392561984, 0.007392111017980519, 0.0055070812925458925, 0.2117750041383606, 0.008514890607179186]","[250.0, 5.0, 100.0]"
3,0.5,4,16,4,"[6.608055957063467, 0.011565158435779105, 0.012090110335069175]","[8.728003529776204, 0.007657079392561984, 0.007392111017980519, 0.0055070812925458925, 0.2117750041383606, 0.008514890607179186]","[250.0, 5.0, 100.0]"
4,0.5,4,16,4,"[6.608055957063288, 0.011565158435778837, 0.012090110335069145]","[8.728003529776204, 0.007657079392561984, 0.007392111017980519, 0.0055070812925458925, 0.2117750041383606, 0.008514890607179186]","[250.0, 5.0, 100.0]"
5,0.5,4,16,4,"[6.608055957063288, 0.011565158435778837, 0.012090110335069145]","[8.728003529776204, 0.007657079392561984, 0.007392111017980519, 0.0055070812925458925, 0.2117750041383606, 0.008514890607179186]","[250.0, 5.0, 100.0]"
6,0.5,4,16,4,"[6.608055957063288, 0.011565158435778837, 0.012090110335069145]","[8.728003529776204, 0.007657079392561984, 0.007392111017980519, 0.0055070812925458925, 0.2117750041383606, 0.008514890607179186]","[250.0, 5.0, 100.0]"
7,0.5,4,16,4,"[6.608055957063288, 0.011565158435778837, 0.012090110335069145]","[8.728003529776204, 0.007657079392561984, 0.007392111017980519, 0.0055070812925458925, 0.2117750041383606, 0.008514890607179186]","[250.0, 5.0, 100.0]"
8,0.5,4,16,4,"[6.608055957063288, 0.011565158435778837, 0.012090110335069145]","[8.728003529776204, 0.007657079392561984, 0.007392111017980519, 0.0055070812925458925, 0.2117750041383606, 0.008514890607179186]","[250.0, 5.0, 100.0]"
9,0.5,4,16,4,"[6.608055957063288, 0.011565158435778837, 0.012090110335069145]","[8.728003529776204, 0.007657079392561984, 0.007392111017980519, 0.0055070812925458925, 0.2117750041383606, 0.008514890607179186]","[250.0, 5.0, 100.0]"
10,0.5,4,16,4,"[6.608055957063288, 0.011565158435778837, 0.012090110335069145]","[8.728003529776204, 0.007657079392561984, 0.007392111017980519, 0.0055070812925458925, 0.2117750041383606, 0.008514890607179186]","[250.0, 5.0, 100.0]"
1,0.5,5,25,1,"[6.596890347350927, 0.011548343715824746, 0.012089985938425928]","[8.728003529776204, 0.007657079392561984, 0.007392111017980519, 0.0055070812925458925, 0.2117750041383606, 0.008514890607179186]","[250.0, 5.0, 100.0]"
2,0.5,5,25,1,"[6.596890347350927, 0.011548343715824746, 0.012089985938425928]","[8.728003529776204, 0.007657079392561984, 0.007392111017980519, 0.0055070812925458925, 0.2117750041383606, 0.008514890607179186]","[250.0, 5.0, 100.0]"
3,0.5,5,25,1,"[6.596890347350927, 0.011548343715824746, 0.012089985938425928]","[8.728003529776204, 0.007657079392561984, 0.007392111017980519, 0.0055070812925458925, 0.2117750041383606, 0.008514890607179186]","[250.0, 5.0, 100.0]"
4,0.5,5,25,1,"[6.596890347350948, 0.011548343715824768, 0.012089985938425966]","[8.728003529776204, 0.007657079392561984, 0.007392111017980519, 0.0055070812925458925, 0.2117750041383606, 0.008514890607179186]","[250.0, 5.0, 100.0]"
5,0.5,5,25,1,"[6.596890347350575, 0.011548343715824213, 0.012089985938425961]","[8.728003529776204, 0.007657079392561984, 0.007392111017980519, 0.0055070812925458925, 0.2117750041383606, 0.008514890607179186]","[250.0, 5.0, 100.0]"
6,0.5,5,25,1,"[6.596890347350927, 0.011548343715824746, 0.012089985938425928]","[8.728003529776204, 0.007657079392561984, 0.007392111017980519, 0.0055070812925458925, 0.2117750041383606, 0.008514890607179186]","[250.0, 5.0, 100.0]"
7,0.5,5,25,1,"[6.596890347350927, 0.011548343715824746, 0.012089985938425928]","[8.728003529776204, 0.007657079392561984, 0.007392111017980519, 0.0055070812925458925, 0.2117750041383606, 0.008514890607179186]","[250.0, 5.0, 100.0]"
8,0.5,5,25,1,"[6.596890347350927, 0.011548343715824746, 0.012089985938425928]","[8.728003529776204, 0.007657079392561984, 0.007392111017980519, 0.0055070812925458925, 0.2117750041383606, 0.008514890607179186]","[250.0, 5.0, 100.0]"
9,0.5,5,25,1,"[6.596890347350927, 0.011548343715824746, 0.012089985938425928]","[8.728003529776204, 0.007657079392561984, 0.007392111017980519, 0.0055070812925458925, 0.2117750041383606, 0.008514890607179186]","[250.0, 5.0, 100.0]"
10,0.5,5,25,1,"[6.596890347350927, 0.011548343715824746, 0.012089985938425928]","[8.728003529776204, 0.007657079392561984, 0.007392111017980519, 0.0055070812925458925, 0.2117750041383606, 0.008514890607179186]","[250.0, 5.0, 100.0]"
1,0.5,6,36,4,"[6.5981073848565766, 0.011550159494775019, 0.012090001459123432]","[8.728003529776204, 0.007657079392561984, 0.007392111017980519, 0.0055070812925458925, 0.2117750041383606, 0.008514890607179186]","[250.0, 5.0, 100.0]"
2,0.5,6,36,4,"[6.5981073848565766, 0.011550159494775019, 0.012090001459123432]","[8.728003529776204, 0.007657079392561984, 0.007392111017980519, 0.0055070812925458925, 0.2117750041383606, 0.008514890607179186]","[250.0, 5.0, 100.0]"
3,0.5,6,36,4,"[6.5981073848565766, 0.011550159494775019, 0.012090001459123432]","[8.728003529776204, 0.007657079392561984, 0.007392111017980519, 0.0055070812925458925, 0.2117750041383606, 0.008514890607179186]","[250.0, 5.0, 100.0]"
4,0.5,6,36,4,"[6.5981073848565766, 0.011550159494775019, 0.012090001459123432]","[8.728003529776204, 0.007657079392561984, 0.007392111017980519, 0.0055070812925458925, 0.2117750041383606, 0.008514890607179186]","[250.0, 5.0, 100.0]"
5,0.5,6,36,4,"[6.5981073848565766, 0.011550159494775019, 0.012090001459123432]","[8.728003529776204, 0.007657079392561984, 0.007392111017980519, 0.0055070812925458925, 0.2117750041383606, 0.008514890607179186]","[250.0, 5.0, 100.0]"
6,0.5,6,36,4,"[6.5981073848565766, 0.011550159494775019, 0.012090001459123432]","[8.728003529776204, 0.007657079392561984, 0.007392111017980519, 0.0055070812925458925, 0.2117750041383606, 0.008514890607179186]","[250.0, 5.0, 100.0]"
7,0.5,6,36,4,"[6.5981073848565766, 0.011550159494775019, 0.012090001459123432]","[8.728003529776204, 0.007657079392561984, 0.007392111017980519, 0.0055070812925458925, 0.2117750041383606, 0.008514890607179186]","[250.0, 5.0, 100.0]"
8,0.5,6,36,4,"[6.5981073848565766, 0.011550159494775019, 0.012090001459123432]","[8.728003529776204, 0.007657079392561984, 0.007392111017980519, 0.0055070812925458925, 0.2117750041383606, 0.008514890607179186]","[250.0, 5.0, 100.0]"
9,0.5,6,36,4,"[6.5981073848565766, 0.011550159494775019, 0.012090001459123432]","[8.728003529776204, 0.007657079392561984, 0.007392111017980519, 0.0055070812925458925, 0.2117750041383606, 0.008514890607179186]","[250.0, 5.0, 100.0]"
10,0.5,6,36,4,"[6.5981073848565766, 0.011550159494775019, 0.012090001459123432]","[8.728003529776204, 0.007657079392561984, 0.007392111017980519, 0.0055070812925458925, 0.2117750041383606, 0.008514890607179186]","[250.0, 5.0, 100.0]"
1,0.5,7,49,1,"[6.5979910093701015, 0.011549986675949279, 0.01208999987351416]","[8.728003529776204, 0.007657079392561984, 0.007392111017980519, 0.0055070812925458925, 0.2117750041383606, 0.008514890607179186]","[250.0, 5.0, 100.0]"
2,0.5,7,49,1,"[6.5979910093701015, 0.011549986675949279, 0.01208999987351416]","[8.728003529776204, 0.007657079392561984, 0.007392111017980519, 0.0055070812925458925, 0.2117750041383606, 0.008514890607179186]","[250.0, 5.0, 100.0]"
3,0.5,7,49,1,"[6.5979910093701015, 0.011549986675949279, 0.01208999987351416]","[8.728003529776204, 0.007657079392561984, 0.007392111017980519, 0.0055070812925458925, 0.2117750041383606, 0.008514890607179186]","[250.0, 5.0, 100.0]"
4,0.5,7,49,1,"[6.5979910093701015, 0.011549986675949279, 0.01208999987351416]","[8.728003529776204, 0.007657079392561984, 0.007392111017980519, 0.0055070812925458925, 0.2117750041383606, 0.008514890607179186]","[250.0, 5.0, 100.0]"
5,0.5,7,49,1,"[6.5979910093701015, 0.011549986675949279, 0.01208999987351416]","[8.728003529776204, 0.007657079392561984, 0.007392111017980519, 0.0055070812925458925, 0.2117750041383606, 0.008514890607179186]","[250.0, 5.0, 100.0]"
6,0.5,7,49,1,"[6.5979910093701015, 0.011549986675949279, 0.01208999987351416]","[8.728003529776204, 0.007657079392561984, 0.007392111017980519, 0.0055070812925458925, 0.2117750041383606, 0.008514890607179186]","[250.0, 5.0, 100.0]"
7,0.5,7,49,1,"[6.5979910093701015, 0.011549986675949279, 0.01208999987351416]","[8.728003529776204, 0.007657079392561984, 0.007392111017980519, 0.0055070812925458925, 0.2117750041383606, 0.008514890607179186]","[250.0, 5.0, 100.0]"
8,0.5,7,49,1,"[6.5979910093701015, 0.011549986675949279, 0.01208999987351416]","[8.728003529776204, 0.007657079392561984, 0.007392111017980519, 0.0055070812925458925, 0.2117750041383606, 0.008514890607179186]","[250.0, 5.0, 100.0]"
9,0.5,7,49,1,"[6.5979910093701015, 0.011549986675949279, 0.01208999987351416]","[8.728003529776204, 0.007657079392561984, 0.007392111017980519, 0.0055070812925458925, 0.2117750041383606, 0.008514890607179186]","[250.0, 5.0, 100.0]"
10,0.5,7,49,1,"[6.5979910093701015, 0.011549986675949279, 0.01208999987351416]","[8.728003529776204, 0.007657079392561984, 0.007392111017980519, 0.0055070812925458925, 0.2117750041383606, 0.008514890607179186]","[250.0, 5.0, 100.0]"
