sim_num,interval_range,taylor_n,L_num_real_solutions,L_pred_parameters,L_all_real_solutions,A_num_real_solutions,A_pred_parameters,A_all_real_solutions,sampled_parameters,offmul
1,0.05,1,1,"[6.298702796752907, 0.011570094812231441, 0.012406487467291139]","[[6.298702796752907, 0.011570094812231441, 0.012406487467291139]]",1,"[0.0038487344805241703, 0.007623216596959462]","[[0.0038487344805241703, 0.007623216596959462]]","[6.336286190615259, 0.012524490355859171, 0.011629429895734168, 0.00476628285150933, 0.20553803500703263, 0.007495771828416211]","[0.9653669171874414, 0.9672882004332933, 0.9552875414987372, 0.9684821370930188, 0.9532953877455191, 1.0264351552979996]"
1,0.05,2,4,"[6.341427249559311, 0.011636339911878462, 0.012539833542115365]","[[8.248663934860588, 0.013960396330943965, 0.016279876830565605], [0.019655332108576545, -0.2365479461493366, 0.20389849777214958], [9.338292041749195, 0.015607453505186778, 0.013026511450374683], [6.341427249559311, 0.011636339911878462, 0.012539833542115365]]",2,,"[[0.033320304149418355, 0.13129090953487166], [0.004673620641992207, 0.008429173191036582]]","[6.336286190615259, 0.012524490355859171, 0.011629429895734168, 0.00476628285150933, 0.20553803500703263, 0.007495771828416211]","[0.9653669171874414, 0.9672882004332933, 0.9552875414987372, 0.9684821370930188, 0.9532953877455191, 1.0264351552979996]"
1,0.05,3,1,"[6.335979758363484, 0.01162903444379627, 0.01252353530130881]","[[6.335979758363484, 0.01162903444379627, 0.01252353530130881]]",1,"[0.004758821479426639, 0.007440086954903628]","[[0.004758821479426639, 0.007440086954903628]]","[6.336286190615259, 0.012524490355859171, 0.011629429895734168, 0.00476628285150933, 0.20553803500703263, 0.007495771828416211]","[0.9653669171874414, 0.9672882004332933, 0.9552875414987372, 0.9684821370930188, 0.9532953877455191, 1.0264351552979996]"
1,0.05,4,4,"[6.33630107602934, 0.011629448647816246, 0.012524540530071534]","[[14.092332243041385, 0.01950371687148344, 0.012698736443565247], [6.33630107602934, 0.011629448647816246, 0.012524540530071534], [10.070273098782335, 0.015603776241327662, 0.019112965328097746], [4.763340575613306e-5, 0.4560997322270636, -0.32062156240782386]]",2,"[0.00476557835209714, 0.0075052675373340535]","[[0.03965887682637981, 0.20561892181891242], [0.00476557835209714, 0.0075052675373340535]]","[6.336286190615259, 0.012524490355859171, 0.011629429895734168, 0.00476628285150933, 0.20553803500703263, 0.007495771828416211]","[0.9653669171874414, 0.9672882004332933, 0.9552875414987372, 0.9684821370930188, 0.9532953877455191, 1.0264351552979996]"
1,0.05,5,1,"[6.3362855986250315, 0.011629429166636925, 0.012524488177615043]","[[6.3362855986250315, 0.011629429166636925, 0.012524488177615043]]",1,"[0.00476624473941318, 0.007495330745785633]","[[0.00476624473941318, 0.007495330745785633]]","[6.336286190615259, 0.012524490355859171, 0.011629429895734168, 0.00476628285150933, 0.20553803500703263, 0.007495771828416211]","[0.9653669171874414, 0.9672882004332933, 0.9552875414987372, 0.9684821370930188, 0.9532953877455191, 1.0264351552979996]"
1,0.05,6,4,"[6.336286210609221, 0.011629429919726134, 0.0125244904368037]","[[3.60470519693478e-5, 0.25191702789184245, -0.16593811529206062], [19.87421653781536, 0.022806489448240243, 0.01265656829891935], [11.944568874071866, 0.017058014668597944, 0.02158593138092876], [6.336286210609221, 0.011629429919726134, 0.0125244904368037]]",2,"[0.004766280091513439, 0.007495816977312241]","[[0.04679187804902588, 0.26313035707892957], [0.004766280091513439, 0.007495816977312241]]","[6.336286190615259, 0.012524490355859171, 0.011629429895734168, 0.00476628285150933, 0.20553803500703263, 0.007495771828416211]","[0.9653669171874414, 0.9672882004332933, 0.9552875414987372, 0.9684821370930188, 0.9532953877455191, 1.0264351552979996]"
1,0.05,7,1,"[6.3362861900339675, 0.011629429895060545, 0.012524490353221018]","[[6.3362861900339675, 0.011629429895060545, 0.012524490353221018]]",1,"[0.004766282746004464, 0.007495770066486345]","[[0.004766282746004464, 0.007495770066486345]]","[6.336286190615259, 0.012524490355859171, 0.011629429895734168, 0.00476628285150933, 0.20553803500703263, 0.007495771828416211]","[0.9653669171874414, 0.9672882004332933, 0.9552875414987372, 0.9684821370930188, 0.9532953877455191, 1.0264351552979996]"
1,0.05,8,4,"[6.336286190621661, 0.01162942989573707, 0.012524490355938668]","[[6.336286190621661, 0.01162942989573707, 0.012524490355938668], [27.3559835002893, 0.02591166266374262, 0.012669213772584863], [14.060118802628304, 0.018451276061652092, 0.023948568857750877], [1.7477645393178057e-5, 0.2128777656747983, -0.13623836619294502]]",2,"[0.004766282845119268, 0.007495771954211688]","[[0.054057153829853946, 0.3051261653785661], [0.004766282845119268, 0.007495771954211688]]","[6.336286190615259, 0.012524490355859171, 0.011629429895734168, 0.00476628285150933, 0.20553803500703263, 0.007495771828416211]","[0.9653669171874414, 0.9672882004332933, 0.9552875414987372, 0.9684821370930188, 0.9532953877455191, 1.0264351552979996]"
1,0.05,9,1,"[6.336286190605375, 0.011629429895718477, 0.012524490355864056]","[[6.336286190605375, 0.011629429895718477, 0.012524490355864056]]",1,"[0.004766282851328745, 0.00749577182414507]","[[0.004766282851328745, 0.00749577182414507]]","[6.336286190615259, 0.012524490355859171, 0.011629429895734168, 0.00476628285150933, 0.20553803500703263, 0.007495771828416211]","[0.9653669171874414, 0.9672882004332933, 0.9552875414987372, 0.9684821370930188, 0.9532953877455191, 1.0264351552979996]"
1,0.05,10,4,"[6.336286190616564, 0.011629429895735479, 0.012524490355867543]","[[16.4956187856428, 0.019816607387784405, 0.026261423931274244], [8.685254220046893e-6, 0.20045081281766222, -0.12662305051295808], [37.26209128292378, 0.028925299559316036, 0.012694459629668278], [6.336286190616564, 0.011629429895735479, 0.012524490355867543]]",2,"[0.004766282851499545, 0.007495771828646697]","[[0.061348382362335134, 0.33420819785690853], [0.004766282851499545, 0.007495771828646697]]","[6.336286190615259, 0.012524490355859171, 0.011629429895734168, 0.00476628285150933, 0.20553803500703263, 0.007495771828416211]","[0.9653669171874414, 0.9672882004332933, 0.9552875414987372, 0.9684821370930188, 0.9532953877455191, 1.0264351552979996]"
1,0.1,1,1,"[6.606916591616349, 0.012927902001592197, 0.011048034347835467]","[[6.606916591616349, 0.012927902001592197, 0.011048034347835467]]",1,"[0.003778845733822922, 0.00748124676931453]","[[0.003778845733822922, 0.00748124676931453]]","[6.3857991552610365, 0.011374260775075898, 0.012588245999583842, 0.004703274220928779, 0.19546550646982186, 0.007215411078705681]","[1.096802286318633, 1.0388997830825222, 0.9379732135648599, 1.066453031400605, 0.9649923823024346, 0.9300195691140036]"
1,0.1,2,4,"[6.408956545679508, 0.012627564441966194, 0.011337153431347606]","[[0.259187684206364, 0.09476515831062277, -0.05012586362469207], [11.966283312657824, 0.020479416042270056, 0.01073792094839052], [8.959335044272317, 0.015104839214118456, 0.020314397250901273], [6.408956545679508, 0.012627564441966194, 0.011337153431347606]]",2,"[0.0046102972805725125, 0.00812733705966372]","[[0.0046102972805725125, 0.00812733705966372], [0.033241782076474276, 0.130037665270143]]","[6.3857991552610365, 0.011374260775075898, 0.012588245999583842, 0.004703274220928779, 0.19546550646982186, 0.007215411078705681]","[1.096802286318633, 1.0388997830825222, 0.9379732135648599, 1.066453031400605, 0.9649923823024346, 0.9300195691140036]"
1,0.1,3,1,"[6.388256263887151, 0.01259237382012544, 0.011370650617781636]","[[6.388256263887151, 0.01259237382012544, 0.011370650617781636]]",1,"[0.004695687104067769, 0.007164181203652853]","[[0.004695687104067769, 0.007164181203652853]]","[6.3857991552610365, 0.011374260775075898, 0.012588245999583842, 0.004703274220928779, 0.19546550646982186, 0.007215411078705681]","[1.096802286318633, 1.0388997830825222, 0.9379732135648599, 1.066453031400605, 0.9649923823024346, 0.9300195691140036]"
1,0.1,4,4,"[6.386005229739497, 0.012588591281383926, 0.011373968425053832]","[[11.203615975121814, 0.01699228054106518, 0.022009520184623856], [6.386005229739497, 0.012588591281383926, 0.011373968425053832], [0.0001965191590361035, 0.33504894943916297, -0.2435547696193006], [18.030736175850365, 0.02308058008938224, 0.011334783057028166]]",2,"[0.004702566453166663, 0.007224477820637069]","[[0.03956941735963205, 0.2029936738573693], [0.004702566453166663, 0.007224477820637069]]","[6.3857991552610365, 0.011374260775075898, 0.012588245999583842, 0.004703274220928779, 0.19546550646982186, 0.007215411078705681]","[1.096802286318633, 1.0388997830825222, 0.9379732135648599, 1.066453031400605, 0.9649923823024346, 0.9300195691140036]"
1,0.1,5,1,"[6.385813382559248, 0.012588269806912196, 0.011374240886446422]","[[6.385813382559248, 0.012588269806912196, 0.011374240886446422]]",1,"[0.004703235008645595, 0.007215015723538065]","[[0.004703235008645595, 0.007215015723538065]]","[6.3857991552610365, 0.011374260775075898, 0.012588245999583842, 0.004703274220928779, 0.19546550646982186, 0.007215411078705681]","[1.096802286318633, 1.0388997830825222, 0.9379732135648599, 1.066453031400605, 0.9649923823024346, 0.9300195691140036]"
1,0.1,6,4,"[6.385799992423933, 0.012588247399741693, 0.011374259611759419]","[[6.385799992423933, 0.012588247399741693, 0.011374259611759419], [25.197138816112417, 0.026061412586619002, 0.011477002266399678], [4.959620941506986e-17, -22.48159798241668, 18.130113454233893], [13.617285727944795, 0.01867757847541899, 0.024045854461196732]]",2,"[0.004703271447486677, 0.007215453164504879]","[[0.004703271447486677, 0.007215453164504879], [0.04669324246123562, 0.25895346771880345]]","[6.3857991552610365, 0.011374260775075898, 0.012588245999583842, 0.004703274220928779, 0.19546550646982186, 0.007215411078705681]","[1.096802286318633, 1.0388997830825222, 0.9379732135648599, 1.066453031400605, 0.9649923823024346, 0.9300195691140036]"
1,0.1,7,1,"[6.38579919829359, 0.012588246071539999, 0.011374260715431593]","[[6.38579919829359, 0.012588246071539999, 0.011374260715431593]]",1,"[0.0047032741107589085, 0.007215409538789356]","[[0.0047032741107589085, 0.007215409538789356]]","[6.3857991552610365, 0.011374260775075898, 0.012588245999583842, 0.004703274220928779, 0.19546550646982186, 0.007215411078705681]","[1.096802286318633, 1.0388997830825222, 0.9379732135648599, 1.066453031400605, 0.9649923823024346, 0.9300195691140036]"
1,0.1,8,4,"[6.385799157235487, 0.012588246002883908, 0.011374260772352216]","[[34.4139871640162, 0.029038201650881865, 0.011532127674842485], [6.385799157235487, 0.012588246002883908, 0.011374260772352216], [1.7706166604772731e-9, -0.6014506985288759, 0.5106197175456983], [16.423534700155983, 0.020290409617926206, 0.0261429998913632]]",2,"[0.004703274214518027, 0.00721541119303103]","[[0.004703274214518027, 0.00721541119303103], [0.05395055897109675, 0.2994218852713436]]","[6.3857991552610365, 0.011374260775075898, 0.012588245999583842, 0.004703274220928779, 0.19546550646982186, 0.007215411078705681]","[1.096802286318633, 1.0388997830825222, 0.9379732135648599, 1.066453031400605, 0.9649923823024346, 0.9300195691140036]"
1,0.1,9,1,"[6.385799155325655, 0.012588245999693428, 0.011374260774971562]","[[6.385799155325655, 0.012588245999693428, 0.011374260774971562]]",1,"[0.0047032742207365075, 0.007215411075062335]","[[0.0047032742207365075, 0.007215411075062335]]","[6.3857991552610365, 0.011374260775075898, 0.012588245999583842, 0.004703274220928779, 0.19546550646982186, 0.007215411078705681]","[1.096802286318633, 1.0388997830825222, 0.9379732135648599, 1.066453031400605, 0.9649923823024346, 0.9300195691140036]"
1,0.1,10,4,"[6.385799155265446, 0.01258824599959073, 0.011374260775075943]","[[19.740254514387146, 0.02186866424765842, 0.028257281823221906], [46.59218983341553, 0.03197945078899753, 0.011567267107069523], [3.6670907681579076e-9, -0.37957882736932097, 0.33199759213459623], [6.385799155265446, 0.01258824599959073, 0.011374260775075943]]",2,"[0.004703274220918987, 0.007215411078909773]","[[0.06123484108923874, 0.3271126916464444], [0.004703274220918987, 0.007215411078909773]]","[6.3857991552610365, 0.011374260775075898, 0.012588245999583842, 0.004703274220928779, 0.19546550646982186, 0.007215411078705681]","[1.096802286318633, 1.0388997830825222, 0.9379732135648599, 1.066453031400605, 0.9649923823024346, 0.9300195691140036]"
1,0.2,1,1,"[7.2714557840369745, 0.011354600363849459, 0.010970389546581862]","[[7.2714557840369745, 0.011354600363849459, 0.010970389546581862]]",1,"[0.0038986944816275628, 0.007866373531481657]","[[0.0038986944816275628, 0.007866373531481657]]","[7.277556725489195, 0.010983349561025299, 0.011362646639605073, 0.004853881440132437, 0.1769948415564735, 0.007719332203537433]","[0.9297541109916148, 0.995758842773037, 0.9389553930393634, 0.9931320237580945, 1.0555671934285016, 1.0262734698752325]"
1,0.2,2,4,"[7.2773600779780905, 0.011362419836037276, 0.010983030556118267]","[[7.2773600779780905, 0.011362419836037276, 0.010983030556118267], [0.4550317751008542, 0.08321233612709293, -0.03662592080853095], [10.341854726840959, 0.013979153899319407, 0.017139029054795862], [13.352130257717315, 0.018082513854470256, 0.010917012622749593]]",2,"[0.0047564548853281634, 0.008702292817834419]","[[0.03357420026581951, 0.13477224011601494], [0.0047564548853281634, 0.008702292817834419]]","[7.277556725489195, 0.010983349561025299, 0.011362646639605073, 0.004853881440132437, 0.1769948415564735, 0.007719332203537433]","[0.9297541109916148, 0.995758842773037, 0.9389553930393634, 0.9931320237580945, 1.0555671934285016, 1.0262734698752325]"
1,0.2,3,1,"[7.277552271180916, 0.01136264153160348, 0.010983343305702022]","[[7.277552271180916, 0.01136264153160348, 0.010983343305702022]]",1,"[0.004845884534002184, 0.007658691624203352]","[[0.004845884534002184, 0.007658691624203352]]","[7.277556725489195, 0.010983349561025299, 0.011362646639605073, 0.004853881440132437, 0.1769948415564735, 0.007719332203537433]","[0.9297541109916148, 0.995758842773037, 0.9389553930393634, 0.9931320237580945, 1.0555671934285016, 1.0262734698752325]"
1,0.2,4,4,"[7.277556647155327, 0.011362646548588115, 0.010983349463151323]","[[19.60128583351427, 0.021214739822696334, 0.011054547889494035], [12.140063938274247, 0.015074117843859298, 0.019810572031712447], [7.277556647155327, 0.011362646548588115, 0.010983349463151323], [0.07835217306027661, 0.09527670148542804, -0.04526390907408461]]",2,"[0.004853114908399295, 0.007729756699505777]","[[0.03989586954472235, 0.2126172017426536], [0.004853114908399295, 0.007729756699505777]]","[7.277556725489195, 0.010983349561025299, 0.011362646639605073, 0.004853881440132437, 0.1769948415564735, 0.007719332203537433]","[0.9297541109916148, 0.995758842773037, 0.9389553930393634, 0.9931320237580945, 1.0555671934285016, 1.0262734698752325]"
1,0.2,5,1,"[7.277556724359505, 0.011362646638274234, 0.010983349559749249]","[[7.277556724359505, 0.011362646638274234, 0.010983349559749249]]",1,"[0.004853839091858965, 0.007718832604860578]","[[0.004853839091858965, 0.007718832604860578]]","[7.277556725489195, 0.010983349561025299, 0.011362646639605073, 0.004853881440132437, 0.1769948415564735, 0.007719332203537433]","[0.9297541109916148, 0.995758842773037, 0.9389553930393634, 0.9931320237580945, 1.0555671934285016, 1.0262734698752325]"
1,0.2,6,4,"[7.277556725478286, 0.011362646639592357, 0.010983349561010483]","[[27.243471809255734, 0.024287341618006813, 0.011104536624999514], [7.277556725478286, 0.011362646639592357, 0.010983349561010483], [0.023223007368814396, 0.1047283221715971, -0.051862554515393254], [14.03923401164745, 0.016120047327075865, 0.02234335307534068]]",2,"[0.004853878325299452, 0.007719383816992063]","[[0.047030243540217044, 0.27370991280293067], [0.004853878325299452, 0.007719383816992063]]","[7.277556725489195, 0.010983349561025299, 0.011362646639605073, 0.004853881440132437, 0.1769948415564735, 0.007719332203537433]","[0.9297541109916148, 0.995758842773037, 0.9389553930393634, 0.9931320237580945, 1.0555671934285016, 1.0262734698752325]"
1,0.2,7,1,"[7.277556725487724, 0.011362646639603086, 0.010983349561024012]","[[7.277556725487724, 0.011362646639603086, 0.010983349561024012]]",1,"[0.004853881318531837, 0.00771933012851688]","[[0.004853881318531837, 0.00771933012851688]]","[7.277556725489195, 0.010983349561025299, 0.011362646639605073, 0.004853881440132437, 0.1769948415564735, 0.007719332203537433]","[0.9297541109916148, 0.995758842773037, 0.9389553930393634, 0.9931320237580945, 1.0555671934285016, 1.0262734698752325]"
1,0.2,8,4,"[7.277556725489474, 0.01136264663960542, 0.010983349561024324]","[[37.13895875825184, 0.027279941051423073, 0.011138270153767192], [0.008688629233190541, 0.11438094263725859, -0.058521794166247074], [16.178602650069827, 0.017143630783485547, 0.024817221438976564], [7.277556725489474, 0.01136264663960542, 0.010983349561024324]]",2,"[0.004853881432650101, 0.007719332353277694]","[[0.004853881432650101, 0.007719332353277694], [0.05430066864483475, 0.31900547918331074]]","[7.277556725489195, 0.010983349561025299, 0.011362646639605073, 0.004853881440132437, 0.1769948415564735, 0.007719332203537433]","[0.9297541109916148, 0.995758842773037, 0.9389553930393634, 0.9931320237580945, 1.0555671934285016, 1.0262734698752325]"
1,0.2,9,1,"[7.277556725495739, 0.01136264663961412, 0.010983349561023358]","[[7.277556725495739, 0.01136264663961412, 0.010983349561023358]]",1,"[0.004853881439916549, 0.007719332198306737]","[[0.004853881439916549, 0.007719332198306737]]","[7.277556725489195, 0.010983349561025299, 0.011362646639605073, 0.004853881440132437, 0.1769948415564735, 0.007719332203537433]","[0.9297541109916148, 0.995758842773037, 0.9389553930393634, 0.9931320237580945, 1.0555671934285016, 1.0262734698752325]"
1,0.2,10,4,"[7.277556725465947, 0.011362646639574415, 0.010983349561023367]","[[7.277556725465947, 0.011362646639574415, 0.010983349561023367], [50.221629054659644, 0.030218598539224407, 0.011168062152126361], [18.61345543957442, 0.01815569329540667, 0.02726135738690233], [0.0035843899628225095, 0.1245957355199647, -0.06553232330647246]]",2,"[0.004853881440120551, 0.0077193322038230875]","[[0.061598007050813156, 0.3509561794999202], [0.004853881440120551, 0.0077193322038230875]]","[7.277556725489195, 0.010983349561025299, 0.011362646639605073, 0.004853881440132437, 0.1769948415564735, 0.007719332203537433]","[0.9297541109916148, 0.995758842773037, 0.9389553930393634, 0.9931320237580945, 1.0555671934285016, 1.0262734698752325]"
1,0.25,1,1,"[6.281549301519657, 0.009109738541952883, 0.011441826448028316]","[[6.281549301519657, 0.009109738541952883, 0.011441826448028316]]",1,"[0.004641727711513266, 0.005259829307925512]","[[0.004641727711513266, 0.005259829307925512]]","[6.352433534588144, 0.011386428161470338, 0.009371973532293791, 0.005281627498720777, 0.2430818654306458, 0.007428254797671878]","[0.9010755314130978, 0.9495357598041871, 0.998278758535862, 1.0833664458413643, 0.8011878992055009, 0.8874900339400534]"
1,0.25,2,4,"[6.346130385687469, 0.00935627394399599, 0.011388703117040754]","[[12.965760251086957, 0.01686278950013481, 0.012026416238133312], [6.346130385687469, 0.00935627394399599, 0.011388703117040754], [2.117503846192587, 0.04753577308102868, -0.008874488538033461], [11.19663452220132, 0.014563853810300825, 0.0151371266290233]]",2,"[0.005215672670768433, 0.008515604946240152]","[[0.032803396719749994, 0.1267494026442244], [0.005215672670768433, 0.008515604946240152]]","[6.352433534588144, 0.011386428161470338, 0.009371973532293791, 0.005281627498720777, 0.2430818654306458, 0.007428254797671878]","[0.9010755314130978, 0.9495357598041871, 0.998278758535862, 1.0833664458413643, 0.8011878992055009, 0.8874900339400534]"
1,0.25,3,1,"[6.351997894759234, 0.00937107742193406, 0.01138651199589749]","[[6.351997894759234, 0.00937107742193406, 0.01138651199589749]]",1,"[0.005278060936419893, 0.007319343209492578]","[[0.005278060936419893, 0.007319343209492578]]","[6.352433534588144, 0.011386428161470338, 0.009371973532293791, 0.005281627498720777, 0.2430818654306458, 0.007428254797671878]","[0.9010755314130978, 0.9495357598041871, 0.998278758535862, 1.0833664458413643, 0.8011878992055009, 0.8874900339400534]"
1,0.25,4,4,"[6.35241081101644, 0.00937193158259299, 0.011386430630677498]","[[6.35241081101644, 0.00937193158259299, 0.011386430630677498], [19.630980068294768, 0.020561162298902938, 0.011581057543442224], [12.412879557614168, 0.01488491304820894, 0.01878834991918416], [1.3629996187625204, 0.054198041735564695, -0.012796355301156534]]",2,"[0.005281192437605498, 0.0074418157021019105]","[[0.005281192437605498, 0.0074418157021019105], [0.03935511953026767, 0.19873448333633986]]","[6.352433534588144, 0.011386428161470338, 0.009371973532293791, 0.005281627498720777, 0.2430818654306458, 0.007428254797671878]","[0.9010755314130978, 0.9495357598041871, 0.998278758535862, 1.0833664458413643, 0.8011878992055009, 0.8874900339400534]"
1,0.25,5,1,"[6.352432587970314, 0.009371971895097352, 0.011386428220269031]","[[6.352432587970314, 0.009371971895097352, 0.011386428220269031]]",1,"[0.005281618803220946, 0.007427235300092564]","[[0.005281618803220946, 0.007427235300092564]]","[6.352433534588144, 0.011386428161470338, 0.009371973532293791, 0.005281627498720777, 0.2430818654306458, 0.007428254797671878]","[0.9010755314130978, 0.9495357598041871, 0.998278758535862, 1.0833664458413643, 0.8011878992055009, 0.8874900339400534]"
1,0.25,6,4,"[6.3524335016341835, 0.009371973477580817, 0.011386428162608082]","[[6.3524335016341835, 0.009371973477580817, 0.011386428162608082], [27.870903339900604, 0.023863506988884696, 0.011543548574128693], [13.954502816669317, 0.015627322010855784, 0.021609180939326258], [0.9465363016785143, 0.06260397623276673, -0.017537131324098506]]",2,"[0.005281625880105285, 0.007428335578075443]","[[0.04656736631262716, 0.2549553411135366], [0.005281625880105285, 0.007428335578075443]]","[6.352433534588144, 0.011386428161470338, 0.009371973532293791, 0.005281627498720777, 0.2430818654306458, 0.007428254797671878]","[0.9010755314130978, 0.9495357598041871, 0.998278758535862, 1.0833664458413643, 0.8011878992055009, 0.8874900339400534]"
1,0.25,7,1,"[6.352433533602507, 0.009371973530699447, 0.01138642816148678]","[[6.352433533602507, 0.009371973530699447, 0.01138642816148678]]",1,"[0.005281627504276886, 0.0074282499537183366]","[[0.005281627504276886, 0.0074282499537183366]]","[6.352433534588144, 0.011386428161470338, 0.009371973532293791, 0.005281627498720777, 0.2430818654306458, 0.007428254797671878]","[0.9010755314130978, 0.9495357598041871, 0.998278758535862, 1.0833664458413643, 0.8011878992055009, 0.8874900339400534]"
1,0.25,8,4,"[6.352433534566307, 0.009371973532259171, 0.011386428161468901]","[[0.6580799375681762, 0.07162998398723161, -0.022588444432617847], [15.748008303103711, 0.016437119157255722, 0.02424940331357801], [6.352433534566307, 0.009371973532259171, 0.011386428161468901], [38.71963363195772, 0.027043951913705414, 0.011557213109230021]]",2,"[0.005281627494666966, 0.007428255081810876]","[[0.05387909763263932, 0.2965196611311377], [0.005281627494666966, 0.007428255081810876]]","[6.352433534588144, 0.011386428161470338, 0.009371973532293791, 0.005281627498720777, 0.2430818654306458, 0.007428254797671878]","[0.9010755314130978, 0.9495357598041871, 0.998278758535862, 1.0833664458413643, 0.8011878992055009, 0.8874900339400534]"
1,0.25,9,1,"[6.352433534589823, 0.00937197353229642, 0.011386428161469796]","[[6.352433534589823, 0.00937197353229642, 0.011386428161469796]]",1,"[0.005281627498796666, 0.007428254783649797]","[[0.005281627498796666, 0.007428254783649797]]","[6.352433534588144, 0.011386428161470338, 0.009371973532293791, 0.005281627498720777, 0.2430818654306458, 0.007428254797671878]","[0.9010755314130978, 0.9495357598041871, 0.998278758535862, 1.0833664458413643, 0.8011878992055009, 0.8874900339400534]"
1,0.25,10,4,"[6.352433534588971, 0.009371973532294992, 0.011386428161471285]","[[53.31147465610267, 0.030160983205248838, 0.011582388432148035], [17.79375765042621, 0.017269209914651414, 0.0268173793880602], [6.352433534588971, 0.009371973532294992, 0.011386428161471285], [0.4557205151755517, 0.08090854860457765, -0.027767494040616764]]",2,"[0.005281627498713211, 0.007428254798329608]","[[0.0612034746011486, 0.3258080407001499], [0.005281627498713211, 0.007428254798329608]]","[6.352433534588144, 0.011386428161470338, 0.009371973532293791, 0.005281627498720777, 0.2430818654306458, 0.007428254797671878]","[0.9010755314130978, 0.9495357598041871, 0.998278758535862, 1.0833664458413643, 0.8011878992055009, 0.8874900339400534]"
1,0.5,1,1,"[8.05710350884579, 0.007809249319132944, 0.015463187607493723]","[[8.05710350884579, 0.007809249319132944, 0.015463187607493723]]",1,"[-0.0010210554674556934, 0.03121076482702659]","[[-0.0010210554674556934, 0.03121076482702659]]","[8.735565481900922, 0.01594977525547074, 0.008569934813820002, 0.003643969269414238, 0.19804996253187537, 0.011006765721106926]","[1.1489488395957153, 0.6624489509639481, 1.260430999280908, 0.8942202567424232, 1.2061348094479722, 1.1208017323624655]"
1,0.5,2,2,,"[[1.9461741266426564, 0.04462299070829815, -0.004791494150975596], [3.1945110752126924, -0.002819846740219347, 0.0277102069194163]]",2,,"[[0.003030979989490041, 0.013357079523256342], [0.04157114433322765, 0.23794005923450234]]","[8.735565481900922, 0.01594977525547074, 0.008569934813820002, 0.003643969269414238, 0.19804996253187537, 0.011006765721106926]","[1.1489488395957153, 0.6624489509639481, 1.260430999280908, 0.8942202567424232, 1.2061348094479722, 1.1208017323624655]"
1,0.5,3,1,"[8.530935974497474, 0.008340538203356939, 0.01591749407996154]","[[8.530935974497474, 0.008340538203356939, 0.01591749407996154]]",1,"[0.0035426710619540884, 0.011339286745644488]","[[0.0035426710619540884, 0.011339286745644488]]","[8.735565481900922, 0.01594977525547074, 0.008569934813820002, 0.003643969269414238, 0.19804996253187537, 0.011006765721106926]","[1.1489488395957153, 0.6624489509639481, 1.260430999280908, 0.8942202567424232, 1.2061348094479722, 1.1208017323624655]"
1,0.5,4,4,"[8.804196303338486, 0.008645989909291904, 0.015955596653266225]","[[12.50483357670373, 0.0120696069387451, 0.016054046570244764], [2.590852131540155, -0.004404980776352875, 0.03152978559210565], [8.804196303338486, 0.008645989909291904, 0.015955596653266225], [2.543976210836003, 0.04390769530879749, -0.0031219577962025118]]",2,"[0.0036285151672272487, 0.011062054502507926]","[[0.0036285151672272487, 0.011062054502507926], [0.04644737511919576, 0.44003030065236776]]","[8.735565481900922, 0.01594977525547074, 0.008569934813820002, 0.003643969269414238, 0.19804996253187537, 0.011006765721106926]","[1.1489488395957153, 0.6624489509639481, 1.260430999280908, 0.8942202567424232, 1.2061348094479722, 1.1208017323624655]"
1,0.5,5,1,"[8.726004826124052, 0.008559276866140015, 0.015949197388217325]","[[8.726004826124052, 0.008559276866140015, 0.015949197388217325]]",1,"[0.003641932599788288, 0.011013749726978475]","[[0.003641932599788288, 0.011013749726978475]]","[8.735565481900922, 0.01594977525547074, 0.008569934813820002, 0.003643969269414238, 0.19804996253187537, 0.011006765721106926]","[1.1489488395957153, 0.6624489509639481, 1.260430999280908, 0.8942202567424232, 1.2061348094479722, 1.1208017323624655]"
1,0.5,6,4,"[8.736895223069938, 0.008571417839065282, 0.015949831842718663]","[[8.736895223069938, 0.008571417839065282, 0.015949831842718663], [2.0917390356858316, -0.0067290850969125866, 0.03577704053482344], [2.680963806903573, 0.04986972196261205, -0.005295054832651213], [17.920808268644475, 0.015584203781194014, 0.01603714485807564]]",2,"[0.003643736111372451, 0.011007579860222777]","[[0.003643736111372451, 0.011007579860222777], [0.05333303507050219, 0.6464421125276221]]","[8.735565481900922, 0.01594977525547074, 0.008569934813820002, 0.003643969269414238, 0.19804996253187537, 0.011006765721106926]","[1.1489488395957153, 0.6624489509639481, 1.260430999280908, 0.8942202567424232, 1.2061348094479722, 1.1208017323624655]"
1,0.5,7,1,"[8.735410416154451, 0.008569761744319882, 0.015949770354744236]","[[8.735410416154451, 0.008569761744319882, 0.015949770354744236]]",1,"[0.0036439458210734744, 0.011006846975999568]","[[0.0036439458210734744, 0.011006846975999568]]","[8.735565481900922, 0.01594977525547074, 0.008569934813820002, 0.003643969269414238, 0.19804996253187537, 0.011006765721106926]","[1.1489488395957153, 0.6624489509639481, 1.260430999280908, 0.8942202567424232, 1.2061348094479722, 1.1208017323624655]"
1,0.5,8,4,"[8.735581468018, 0.008569952663411325, 0.015949775647591306]","[[8.735581468018, 0.008569952663411325, 0.015949775647591306], [2.688769063805174, 0.05685811163974909, -0.008078772266714678], [1.6655667493341455, -0.009244356942334308, 0.04015028714939707], [24.505033049430175, 0.018639021413837477, 0.016052200297334545]]",2,"[0.0036439671671830206, 0.01100677302915472]","[[0.060595780866440775, 0.843388011902997], [0.0036439671671830206, 0.01100677302915472]]","[8.735565481900922, 0.01594977525547074, 0.008569934813820002, 0.003643969269414238, 0.19804996253187537, 0.011006765721106926]","[1.1489488395957153, 0.6624489509639481, 1.260430999280908, 0.8942202567424232, 1.2061348094479722, 1.1208017323624655]"
1,0.5,9,1,"[8.735564009406767, 0.0085699331692222, 0.01594977522613921]","[[8.735564009406767, 0.0085699331692222, 0.01594977522613921]]",1,"[0.0036439690995020715, 0.011006766310995399]","[[0.0036439690995020715, 0.011006766310995399]]","[8.735565481900922, 0.01594977525547074, 0.008569934813820002, 0.003643969269414238, 0.19804996253187537, 0.011006765721106926]","[1.1489488395957153, 0.6624489509639481, 1.260430999280908, 0.8942202567424232, 1.2061348094479722, 1.1208017323624655]"
1,0.5,10,4,"[8.73556560565803, 0.0085699349520675, 0.015949775257554318]","[[8.73556560565803, 0.0085699349520675, 0.015949775257554318], [2.6494837061268486, 0.06416774660864241, -0.011061501005925399], [1.3181012112285906, -0.011825995616182909, 0.044563456242469164], [32.95745903663426, 0.02153186913939964, 0.01607710861918119]]",2,"[0.0036439692569123104, 0.011006765764534023]","[[0.06795155481713623, 1.02190246222003], [0.0036439692569123104, 0.011006765764534023]]","[8.735565481900922, 0.01594977525547074, 0.008569934813820002, 0.003643969269414238, 0.19804996253187537, 0.011006765721106926]","[1.1489488395957153, 0.6624489509639481, 1.260430999280908, 0.8942202567424232, 1.2061348094479722, 1.1208017323624655]"
